-- phpMyAdmin SQL Dump
-- version 5.0.2
-- https://www.phpmyadmin.net/
--
-- Host: 127.0.0.1
-- Generation Time: Feb 08, 2021 at 10:43 AM
-- Server version: 10.4.13-MariaDB
-- PHP Version: 7.4.7

SET SQL_MODE = "NO_AUTO_VALUE_ON_ZERO";
START TRANSACTION;
SET time_zone = "+00:00";


/*!40101 SET @OLD_CHARACTER_SET_CLIENT=@@CHARACTER_SET_CLIENT */;
/*!40101 SET @OLD_CHARACTER_SET_RESULTS=@@CHARACTER_SET_RESULTS */;
/*!40101 SET @OLD_COLLATION_CONNECTION=@@COLLATION_CONNECTION */;
/*!40101 SET NAMES utf8mb4 */;

--
-- Database: `learnit_db`
--

-- --------------------------------------------------------

--
-- Table structure for table `li_assignments`
--

CREATE TABLE `li_assignments` (
  `ass_id` int(11) NOT NULL,
  `task_id` int(11) NOT NULL COMMENT 'FK from task table',
  `ass_attachments` longtext CHARACTER SET utf8mb4 COLLATE utf8mb4_bin NOT NULL CHECK (json_valid(`ass_attachments`))
) ENGINE=InnoDB DEFAULT CHARSET=utf8mb4;

--
-- Dumping data for table `li_assignments`
--

INSERT INTO `li_assignments` (`ass_id`, `task_id`, `ass_attachments`) VALUES
(45, 107, '[{\"type\":\"docx\",\"path\":\"2021\\\\02\\\\0_LearnIT_2021-02-07_LearnIT_2021-02-02_Example test doc.docx\",\"name\":\"LearnIT_2021-02-07_LearnIT_2021-02-02_Example test doc.docx\",\"size\":11358}]'),
(46, 113, '[]'),
(47, 116, '[]'),
(48, 117, '[]'),
(49, 119, '[]'),
(50, 120, '[]');

-- --------------------------------------------------------

--
-- Table structure for table `li_chat_group`
--

CREATE TABLE `li_chat_group` (
  `cg_id` int(11) NOT NULL,
  `chat_members` int(11) NOT NULL
) ENGINE=InnoDB DEFAULT CHARSET=utf8mb4;

-- --------------------------------------------------------

--
-- Table structure for table `li_chat_messages`
--

CREATE TABLE `li_chat_messages` (
  `m_id` int(11) NOT NULL,
  `cg_id` int(11) NOT NULL COMMENT 'FK from chat_group table',
  `cm_content` longtext CHARACTER SET utf8mb4 COLLATE utf8mb4_bin NOT NULL COMMENT 'Contains the text/image content of the message',
  `user_id` int(11) NOT NULL COMMENT 'FK from users table',
  `timestamp` timestamp NOT NULL DEFAULT current_timestamp()
) ENGINE=InnoDB DEFAULT CHARSET=utf8mb4;

-- --------------------------------------------------------

--
-- Table structure for table `li_classes`
--

CREATE TABLE `li_classes` (
  `class_id` int(11) NOT NULL,
  `teacher_id` int(11) NOT NULL COMMENT 'FK from user table as teacher',
  `grade_id` int(11) NOT NULL COMMENT 'FK from settings_yr_lvl as grade',
  `subject_id` int(11) NOT NULL COMMENT 'FK from settings_subjects',
  `color_id` int(11) NOT NULL COMMENT 'FK from settings_colors',
  `class_name` varchar(50) NOT NULL COMMENT 'Contains classname',
  `class_abbr` varchar(15) DEFAULT NULL COMMENT 'Contains Class abbreviation',
  `class_desc` varchar(500) DEFAULT NULL COMMENT 'Contains class description',
  `class_sy_from` year(4) NOT NULL COMMENT 'School Year From',
  `class_sy_to` year(4) NOT NULL COMMENT 'School Year To',
  `class_code` varchar(30) NOT NULL COMMENT 'Contains unique classcode',
  `class_status` tinyint(1) NOT NULL DEFAULT 1 COMMENT '1 = active, 2 =inactive/archived',
  `code_status` tinyint(1) NOT NULL DEFAULT 1 COMMENT '1 = actove, 0 = closed',
  `timestamp_created` timestamp NOT NULL DEFAULT current_timestamp(),
  `timestamp_lastupdate` timestamp NOT NULL DEFAULT current_timestamp()
) ENGINE=InnoDB DEFAULT CHARSET=utf8mb4;

--
-- Dumping data for table `li_classes`
--

INSERT INTO `li_classes` (`class_id`, `teacher_id`, `grade_id`, `subject_id`, `color_id`, `class_name`, `class_abbr`, `class_desc`, `class_sy_from`, `class_sy_to`, `class_code`, `class_status`, `code_status`, `timestamp_created`, `timestamp_lastupdate`) VALUES
(40, 109, 28, 13, 5, 'IT Fundamentals', '', 'Lorem ipsum dolor', 0000, 0000, 'a6ZySC5GF7', 1, 1, '2021-02-07 21:20:24', '2021-02-07 21:20:24'),
(41, 169, 28, 13, 12, 'Class 1', '', '', 0000, 0000, 'l4UI5qng4l', 2, 1, '2021-02-08 07:29:07', '2021-02-08 07:29:07'),
(42, 169, 22, 13, 12, 'Class 2', '', '', 0000, 0000, 'ZvKWwWOMaX', 1, 1, '2021-02-08 07:36:43', '2021-02-08 07:36:43'),
(43, 174, 22, 21, 13, 'class 3', '', '', 0000, 0000, 'GCZGwZ4xg6', 1, 1, '2021-02-08 09:04:23', '2021-02-08 09:04:23'),
(44, 175, 28, 47, 9, 'class 4', '', '', 0000, 0000, 'NNxXOcY0J0', 1, 1, '2021-02-08 09:06:54', '2021-02-08 09:06:54'),
(45, 175, 22, 33, 6, 'class 4\'1', '', '', 0000, 0000, 'kaevdBPsdB', 1, 1, '2021-02-08 09:10:15', '2021-02-08 09:10:15'),
(46, 174, 22, 21, 4, 'class 3\'1', '', '', 0000, 0000, 's8t0TTdBDj', 1, 1, '2021-02-08 09:12:14', '2021-02-08 09:12:14');

-- --------------------------------------------------------

--
-- Table structure for table `li_class_grading_periods`
--

CREATE TABLE `li_class_grading_periods` (
  `cgp_id` int(11) NOT NULL,
  `class_id` int(11) NOT NULL,
  `cg_period_name` varchar(50) NOT NULL
) ENGINE=InnoDB DEFAULT CHARSET=utf8mb4;

--
-- Dumping data for table `li_class_grading_periods`
--

INSERT INTO `li_class_grading_periods` (`cgp_id`, `class_id`, `cg_period_name`) VALUES
(12, 40, '1'),
(13, 41, '1'),
(14, 42, '1'),
(15, 43, '1'),
(16, 44, '1'),
(17, 45, '1'),
(18, 46, '1');

-- --------------------------------------------------------

--
-- Table structure for table `li_class_grading_period_columns`
--

CREATE TABLE `li_class_grading_period_columns` (
  `cgpc_id` int(11) NOT NULL,
  `cgp_id` int(11) NOT NULL COMMENT 'FK from class_grading_period table',
  `cgg_name` varchar(50) NOT NULL COMMENT 'Contains grading period column name',
  `timestamp_created` timestamp NOT NULL DEFAULT current_timestamp(),
  `default_over` int(11) NOT NULL
) ENGINE=InnoDB DEFAULT CHARSET=utf8mb4;

-- --------------------------------------------------------

--
-- Table structure for table `li_class_grading_period_tasks`
--

CREATE TABLE `li_class_grading_period_tasks` (
  `cgpt_id` int(11) NOT NULL,
  `cgp_id` int(11) NOT NULL COMMENT 'Foreign key from li_class_',
  `task_id` int(11) NOT NULL
) ENGINE=InnoDB DEFAULT CHARSET=utf8mb4;

--
-- Dumping data for table `li_class_grading_period_tasks`
--

INSERT INTO `li_class_grading_period_tasks` (`cgpt_id`, `cgp_id`, `task_id`) VALUES
(4, 12, 107),
(9, 12, 112);

-- --------------------------------------------------------

--
-- Table structure for table `li_class_grading_student_grades`
--

CREATE TABLE `li_class_grading_student_grades` (
  `cgsg_id` int(11) NOT NULL,
  `cgpc_id` int(11) NOT NULL COMMENT 'FK from class_grading_perioud_columns',
  `stud_id` int(11) NOT NULL,
  `cgsg_score` varchar(11) NOT NULL COMMENT 'Contains the score/grade',
  `cgsg_over` varchar(11) NOT NULL COMMENT 'Contians the Maximum score or Over',
  `timestamp_created` timestamp NOT NULL DEFAULT current_timestamp()
) ENGINE=InnoDB DEFAULT CHARSET=utf8mb4;

-- --------------------------------------------------------

--
-- Table structure for table `li_class_students`
--

CREATE TABLE `li_class_students` (
  `cs_id` int(11) NOT NULL,
  `student_id` int(11) NOT NULL COMMENT 'FK from users table as student',
  `class_id` int(11) NOT NULL COMMENT 'FK from classes table',
  `admission_status` tinyint(1) NOT NULL DEFAULT 1 COMMENT '1 = active, 0 = withdrawn',
  `timestamp_created` timestamp NOT NULL DEFAULT current_timestamp()
) ENGINE=InnoDB DEFAULT CHARSET=utf8mb4;

--
-- Dumping data for table `li_class_students`
--

INSERT INTO `li_class_students` (`cs_id`, `student_id`, `class_id`, `admission_status`, `timestamp_created`) VALUES
(29, 146, 40, 0, '2021-02-07 21:20:57'),
(30, 171, 42, 1, '2021-02-08 08:30:12'),
(31, 171, 43, 1, '2021-02-08 09:23:08'),
(32, 176, 46, 1, '2021-02-08 09:27:11'),
(33, 176, 44, 1, '2021-02-08 09:29:08'),
(34, 177, 45, 1, '2021-02-08 09:35:52'),
(35, 177, 42, 1, '2021-02-08 09:38:35');

-- --------------------------------------------------------

--
-- Table structure for table `li_class_teacher_transition_log`
--

CREATE TABLE `li_class_teacher_transition_log` (
  `cttl_id` int(11) NOT NULL,
  `new_teacher_id` int(11) NOT NULL,
  `prev_teacher_id` int(11) NOT NULL,
  `classid` int(11) NOT NULL,
  `reassignment_date` timestamp NOT NULL DEFAULT current_timestamp()
) ENGINE=InnoDB DEFAULT CHARSET=utf8mb4;

-- --------------------------------------------------------

--
-- Table structure for table `li_multimedia`
--

CREATE TABLE `li_multimedia` (
  `m_id` int(11) NOT NULL,
  `m_title` varchar(50) NOT NULL,
  `m_desc` varchar(400) NOT NULL,
  `m_type` int(1) NOT NULL DEFAULT 0 COMMENT '0 = video\r\n1 = game',
  `size` varchar(10) NOT NULL,
  `m_path` varchar(500) NOT NULL,
  `snapshot` blob NOT NULL,
  `datetime_created` timestamp NOT NULL DEFAULT current_timestamp()
) ENGINE=InnoDB DEFAULT CHARSET=utf8mb4;

--
-- Dumping data for table `li_multimedia`
--

INSERT INTO `li_multimedia` (`m_id`, `m_title`, `m_desc`, `m_type`, `size`, `m_path`, `snapshot`, `datetime_created`) VALUES
(140, 'Computer Basics What Is a Computer', 'Computer Technology', 0, '12.89Mb', 'learnit_it_media-6020ee70a2b171b6386b49aa3d816c442637df6f42a19', 0x6956424f5277304b47676f414141414e53556845556741414153774141414357434159414141426b573758534141416438306c455156523458753264435a6756315a58482f376671766536476268625a6477526a334149716141546343524577694d596732675161575a7a4530656959664d6b587333777a3434784a5a73595931386e454265696d455852554648424155654f4767714b6768745574536f75416f43774e33613966566433357a713158622b76582f625a362f56363964797066506c7537367461742f373333312b6565652b363559766e48556f4976566f4156594155386f49426759486d676c62694b724141726f42526759484648594156594163386f774d447954464e7852566b42566f43427858324146574146504b4d414138737a546355565a5156594151595739774657674258776a41494d4c4d3830465665554657414647466a63423167425673417a436a4377504e4e55584646576742566759484566594156594163386f774d447954464e7852566b42566f43427858324146574146504b4d414138737a546355565a5156594151595739774657674258776a41494d4c4d3830465665554657414647466a63423167425673417a436a4377504e4e55584646576742566759484566594156594163386f774d447954464e7852566b42566f43427858324146574146504b4d414138737a546355565a5156594151595739774657674258776a41494d4c4d3830465665554657414647466a63423167425673417a436a4377504e4e55584646576742566759484566594156594163386f774d447954464e7852566b42566f43427858324146574146504b4d414138737a546355565a5156594151595739774657674258776a41494d4c4d3830465665554657414647466a63423167425673417a436a4377504e4e55584646576742566759484566594156594163386f774d447954464e7852566b42566f43427858324146574146504b4d414138737a546355565a5156594151595739774657674258776a41494d4c4d3830465665554657414647466a63423167425673417a436a4377504e4e55584646576742566759484566594156594163386f774d447954464e7852566b42566f43427858324146574146504b4d414138737a546355565a5156594151595739774657674258776a41494d4c4d3830465665554657414647466a63423167425673417a436a4377326d777147664d624b51556741414d5350767052436c69684f7a54504e4464586c4258777467494d724462617a344b456749412f6147442b78656441574148345441464c414951796e302b4861516a632f73686a364462385246574b38485a66344e717a4167577641414f725652505a6c68585a5439655047773168535768434b45684a475774317166754567436d442b4f4d544b3145315944674d496145787567712b34334d4676616b41417975753351684a6d6a5278773968526b4c41556b41423730706349574d376a45695a4f47506c7433504c677739426f2b7367584b38414b754b34414179744f55764a4c3354447544476857784a71796f5a5834696f59595058485a2f486d59634e314e384e472f434d424842557241304b436d6b3849434e436f75394876585735514c5a41574b57414547566c546a6b742f712b6e4e48517a664e6d456b644159736759306b4c35487950426c68727138764567464e485976665772524130685179787a7035536d7043647176444143323867364c4f675362324975785a2f476976677667494d724a437851394c716b506a786d4a46714368687655354752396443434f7a46767a6b2b54414d7532724d686837384173476e41614a4d6a4c3153524e504c542b5057566f4b562b592b32334c4a624943526163414177745134516b456a4f6357312b4c702b2b384d41385142445946484342304e653935527678732b64445261417162366d58376e4f4f586a65306530395256646c6e4f664a6933632f63596d614a717636446f57667841726b4173464746686859456e4d4f2b38636444494359666453444c4167304c43586745554f654b6c4139614e35742b435a5a2f367172436e452b626e697034714a6751575941726a2f6a633078566c73754770724c5a41574b515145475667685945424c586a526d4e43686c55557a61796d68774c79703679456241327439486d5a473370575066616571785a2f516f4f4854364d553038394357397465427472566a385049534957564c7a565266674c536f48374e327745704235616a7979477273586677417134727741444b7751734b53547575473432506e747655304a67545a67774472564c2f74787543396854783268766c4957422f6339516a6e70614e74514d4c535930497672654231392f427748314c48757a334f2f6d58474b784b4d4441696d724a7371616a2b4e46465979474542704d6933536c67564649734674437735373245625734594a695a5076415937502f675137372b2f486c32376c6366653133674151302b3443464b556f5a6435414164455a78694337436f394444634b556d33796c2b4f425639376b6f4e4e6947566e3848546c52674945564a57745153747779396e5241324a61514179787979332b2b3932384a4738432b6a397a326259636f444f70334f736a42626b444439524e4734433972333466616d68677a375a5334622f3237746a2b4d4c3161414655696f41414d725268594a3838746475476e7146594130773842612b72385034667a7a52367556776c762b36566238366137667136645772586f6555365a4d55443850476a41532f2f4b7674324c2b64645774684c59735948442f62366e567948454466646a5134494d55775662333362742b4d3174595046425a675859555947424669614f434f7748634f485955524168595a504130664c464a2b5a5947445477567578713278506970546a766c416d7a5a396e4a533339507759615052306d7a676c47346d746e7a746f796974384a7546684c4b34377471774758376531734d446c68566f557745475670513054726f596e7848416a38383742774974614e697a56666d776c6a2b3547742b2f636a4b4351514e2b6e792f73473664344c48385a2b614f533944494a6e4e442f5a44524c76374c556f68333046424466314b304b693961384369747051647962575948535659434270647265746e6255586a2f61656b4e57316f566a734850724b2b6863565262544f37347a66697257726c30424c6553796f753032424b42662f2b703375503133763271374a306c67594c3852646f424547466a32375254372f7543366431576d42775a57365135472f764c6b436a43775173676736327258577876786835766d68624d7455475137725269324657704156744c4a4a343146533641464f7a2f63434c2b2f6e56522b45766a6b6f3130342f377a4c5650437044546f376a4b4646412f37793274753062736a415374356e2b5934535671444567575662566f4839582b436e333575734c4b786f354e7a7870333944395979704b5853503148594542674a4244423936646e676455416f4c354a442f62785870626b665163787857436e4c7a4c535772514d6b4436353666333479647237775934675335776d316b44653863774b3641774e393362334f74637a5164432b416277386b335a6c2b3032667150367a624446383433512f38316d54504d74657077516179413578516f615743392b7568534c507654373552504b6671694e444b364d47414a4877594e366f384e627a337253734f75587655537270742f7334495342596f7565485744737242735033747156706f7246654643574147504b6c4379774e4a313443666a526f456931654f74476f6f384e365147487830304953512b62334d5059657174546d476a672f714e5175385454734e746a797946475671536a4578424756697071386c336c716f434a516773536e774d2f477a4b4a4c54733336506150564647306475755041662f2f4f516274436361706d62693839316273707174475142652b39544151564e546b6653554c4a4375316d35366e684b57366d446b3730367551456b43797841434e35347a416b35756845544130695277664b636d56452b39424138735734476c4c3732496b30383949626d6943652b7738506464657a466b634638383954454279356b43436c6f766a487543675a57687950785943536851677341692b3072445034345a41634a46572f6e61457958662b367868457a51366c44444e3162794733562b70754b3042665876673430614a7a66736f64624a74577a4777536d435538536536706b414a417375455a65723479626b55784a6b6573416869643935394736362b686b49646b6c68434963507030313137595548446b4547396f4b7656514174506679526861625247794d42797253647a5153576851416b4379344a70416a656665345a3956476f6257324861536d2b734d724c72417073322f785739652f644979433043556350756654424d41714b642b57486f674f4f6736625a5664525441326b2f5549574c68505955522f50475573435247486e396b52677155494c41494f5149336a6a3239335651756252326147712f7975673350676149694c476b664c6b472b4c3355366445776550785044422f654c67647654483976706b5a5854582f302f31565843564f2f4c71442f7751367841515374516b734169792b62656e2f30454f396539416c335446477a6972325441636a5976447a706c474a625750526836334b475546514d7358514244422f614f656356726e3756676e786e5a70786a785a535732734a79444d696a6b776b46634a48624c7756377237796a6f3373655659775853564b41456765556f4a48487a6d444e6761424a43746734755344516c6a4e62574f53336e337463333435534b7231466d55754243374b5877495942655062716a6132642f7a432f7665434b416c2f355768724b79526c787758695747444e546767345152747a3249306973664f417973584e4545792b716b797250552f7a526f744f426f53527a5876516e54706e594f6f38782b45634d727a62484174337441675a49466c6a716b71366b524e34772f5834476950517572745a2f4c556a793461383036504c3632436365614b334850334b5a5752396b3777426f2b4b4e61366f6e64643838384863555472486e377441504d64375061646873372b6f3567357377644d77384b684978715750306e5479394165773668713072517a63746d2f313855527a4a31544251525632676b5064442b75496975516e67496c4379776e393957526a7a2f4572544f6e4b64395476415856536b6f5253574138646d59646d7174474b6e385630657358307953476450307178724a78746a4950477877484c416c63657074792b5964663865334f4c3244447366457159344e4b4f4b50797953634b4c4732376764566b30514b756d69375270544d466262436c6c643577344c734c58594753423961324851477358782f4175333865443445677a4c6a6a76614962304e514e57496147633637666945734762384c61686a484b635536774d794278392f77443845663577327867535177643343636d6f763261667a2b4952724e376a4631333379582f68787565757a525a734553372f636d5a32424b34656e5537694d7376373534677a717651757954586a78566f573447534135617a4a595a38517773583037383577317969516837425377757652586e67492f686f31553972675a546b474e66523644386546383162674b4134546b486c5632652f67503934387a764b357852392f656663777967585464416c5454516c7948585672323876514a68305444526d33483449683879654d633851594f366139415a2b756d5a737a4839764a377457696e3361774c55315a476d3146664f56596a46384779745149417155484c424d59554947645378344a48486f70384d66676731644e47324c4d4d6d4f6e624a6e57684a33543367574e3738774d5461495642314232496a625a316567796e3855412f7433552f4f36572f2b79427a752b694951324f464e53656b392f6253752b4e4966414646316342705a743463327345534358663351652b514c706631774e5669417442556f4b574e4b696a637a416f73574b4e2b4572326b694b4143767837364e645857566f7841573933384c614c792b4d32636273624e367849374d63374d556d3537504c6b644439416e38593979782b2f764a336f3677392b39335a57316968623544417146484e47444779516b31665732384853717650384d3273514e34554b426c676b5773716141494c463574516b5a355256365a676f4d46664c673568796b6e7659396d4f38784c366e396f7532773567726231304b5770575877314c616a4741736f4e4a33627a6f514e68477a4a375a4262717a3675686d385677574b3941424370514d734178546f6e614a6a51426e4f75626f6d796d776c4f314552335470457255546c32502b4d784d52304370444e705664656b4c6f434b414c50734d764c39694f5837353869514b56766138776431665976704d6d356c32726830784d7878624d335875355a4662415451574b476c694f673531572f75707162646e735841317558375a7671394c36476e6463756836766631794a4a7a38344755636c68545059794b494d5746336b5473773771774639716e7a347a63766e715a4f676e6471345836653276354843546e39347059624f56644854564937626372745863486e754b314430774c4973676472366b484368665835755746627854554551494c2b59665a67455953714963686d4151434e3036416967436b4652527547646b4b4946554b75507559426e61703245774e326e35396534346e735558734757566d7171385633355671424967575662437a516f483636316b366248656f6a794c587468764e2b324e7073785a315935744a6973465778744655594c635333694653685359414642435379754232686c30475876645a4831496a746c394b7766436c534531794959574558577945587a4f5555444c4d64665a62654d774d4a614f38314c4c715a2f526450364d5238694d573673675a4e4f704969745344687463583472663556584653677159436b664567515731564636463749533950434b594563367462336147636a5338766d4f6f475a47565768506f31652f684f746472416f5544374345684351482b324937766f6d767a4251677a4e4d6b636334734155706662382b6f6f3650394d7975586e324946334643676549436c415138765369794a2b304759626b68666d4756457836684e6e773555567068714c794a627149585a587156574b30384479346b696f6b4732714661474d793230576c6c677633764b2f647132734f794c2f746d7a3667432b6679566c66596a64485a42796758776a4b2b43694170344846766d714674585a75614d63363443744158643669424e6b4b7848412f466e6c764e72716a7178635368594b654274594672426773515572464b7a70364d444179714a4852443061763457705a675a51376e4f6e62433646466368454155384369304959544d74452f52494c6c697a4c30586162544f51736847646973304a6b55364e34594e456b6365775941392f364a753146644536777a75594e2f4377726b4a34436e6753574b535271363079594d764c6e6e7130716d684a4c3344482b5a667a387859746357536474445378377337646650345361575630685973347953362f6a386432735143594b65415a5939764b36684b6b4a4c4b6c72526f745645664f394443776257502f7a3352573434626e4c593839467a4b526e78475731614b57765a574832485073635274592b513448357362515638425377364f767136677930534c33566963325a44786f366e71733448444f304158764a6c436451732f4b716e41504c7362366d58776c307138704e446f7930657a4d2f5550514b4644797749744d53695358315162525974732f4b4c5166372f5a4e5734666f315534724353694264487270734e6635683565514f58544874336663594c707459416565636e7149664e66794265565041473843535150306a6a51676156556f6f4e2f6349316b353541724e572f61426f67435645693171496344505750316e6772646f2b4c514b5958314d47616571495737544e572b666d467865664170344131714c36526b685a4659356f6a4d346c6b4f3341585043396c616835356a494672475144733943623339456c46776b7132703979523437736d4676445071314337796465726c384241387665452f6a6f6f34303445716a4b4755782b662b34612f474c64704c42466b69304138396b5a714f35323167723376794956483645644a53397834626b53337a7a427159503764636d6e78767a752f437051774d4379384d686a78394230724d714f7330706c784753673561447958646756474a7a6773506f4d4369754152796756383668524157783870354e7274556e503872547a613558356a6d425764565663596b4458717351466c6167434251577353453472696365664f6f70444237744130326a7479365a567073794b64744b50744e3745696468564242504152443357676934467a68376a5139436f774e7476483433614752693566362f736a7465313861373641754e726f397053434d79625a626462394a47314a5472572b4c4e64554b4467674557426955382f3878572b2f4b6f6e704b536a71534a2f33374d46316e4935417a375a4169333655454958524379634970774e797447496270303956437176754d546c32754d7751355850564e7532766a30633643434247544f41546e374f596c6f342f6353374e636b37734f4b6a715665734f5969767675774755314c5753357267524b354d4278575630642f3846412b4a573151757a574c31717153444241454c43375561504934724d725a63552b37324575682b3341464d6e5870634f444667706d325a386a763578714a556f4743415255625061363865776335504b70586667787a7538514d773030354f6b387068775139786a2f37726f6a37314f42316755546257783341353672515a755164574b4770657941446d7a69345054652f54713231526a6a372b714c5156794475776e45577464393437696b326237554e496f7939334c4377475672536d746f55707351772f514c30326f384d73546d704c58514931737742662b4b38506779767455567643442b5164574e534a2f376131475273327875344e544e516d6247473133314e544866723542425a396753556c766e4f75676548663842653178567643584d6e5a702b635257505a707954732f444f4456312b317051724b4c67655575734237464e4e5272315232576e696665582b6e7a48554e4e64595536664e5a65576b6b5675636c3643762b2b574258494937414d37506c61773671564551776c3636344d4c4265424a5456734f573036667246316d676f647954786f4a5057686b53692f466932727a4a6d6a673559724e515a57366d4b57364a306443717a6f474f7a395830733874644b656e446972646f6e794c7a6e746b6c377759727766544f4a345977667530333754596636616650536e5a4d4350317049533847302f2f5172734f47733646697979594b497370693179556639453755742f68436930597559314570334c6242754c4c613163714638635a58596f734a79635667654f5344793950424b793446684f626a6a59457a554c6c54756d7a7a62386473397663724a7470564336516c7241677354326b542f41746c48567349534a46553866772f364458584f3659706973666676315059724a4579765a30697155446c574139656877594c553041335750556442434a426f71313841614f4f4177666e5268414763752b5445444b367941417978614a62525579754d6a52795565657a4a335557727441637635585a6c6f7761795a4f6a524f2b564341754d682f6c546f45574d36576d2b59576761584c444a685355343557353872554e35564d50686f4558546f64784658547575463459782f4f58484a6a55662f31547376436b674c62542f382b746f327977786f6359476a43776f4f4c4b4754586662596e7337444337536b446d4432724842716c4d31565a746c4c39736d5139676e2f7664515536444669474b6243343373356c4a61574d795269614b3242566c4f3944396456395642734e4465356c5949563671374b68464c436d5938735a5636473543646a7843664452422f7651334679425a734f434a72753554717855675555654e554c6d7544484e4f506d626e56514769467a314561385034464b72663836415a58644f3267427277545231314e5a484475696b332b5371417a71446f724c3845475a633355315a447654332b666738417975526a654432354374564f385142316a4978466658614c4b565072746f6a6d7746466c6e6d5a396a566d7a756f4276576a336632616a554f6b396d334e6757554a675957337248453235476944304a702f2f4d4b36743767725454686851454d4369726b565a4a31714571537056526f6333704571594650746c717356354256696850336d6f4c47744539545755625462564c3078524d4c374e6377726b41466952546d56436f4859784644687937612b797935665174434f594d364d7254474642616b354d74384377344636635658396a666a7139424f5435497943722f4b71576c494743707357617051485062725372376f4b356c657077746c396c59686d75367443744f646d4d6a6f6b5444517a7136374f5a52536b392b43704a425849434c4650616134415031414f5556535256333056324c5742433878334474542b73676779646c32662f67364a386441787232597452532f49424c4175346544544d4d687455305a65774a4d3259676563335a6666706f61645448635a6542425942667535734152464f4f65534b5a4679497878527742566730554a7a42516f4f424c4b724669794f67696835494c6867536255726371654967444550414d73706771714f3736473236797677774c4c6744392b6f5568355871734861684a5a5531594345772b53774662736551696a59516770426f65666b3964476f6d52334e325636706646672b7351765668526174426461792b477568557a68487832665553627a2f7443724443446e595658535878514a306f714a502b714837447a653234562f793259344546344a68506f745034556548704b6345714774706b4251592b326f4f4b44335a6e335a4f4b47566a55686a357847484e6d646533774e7379365962674131785277465669306b4c4f4966466168734e42734c516133766a4a76774172355738784a6f794f48584d51446936433259537371447a5a6e2f626e464479775463326271374d504b75716434747744586747565a42686258367a4153524c446e5778346257447477722b6a674b57466f45696776475132686e4658786c77524258717a64544d46705763755561676c65394748525446344b69626b7a4c5769354f70456b36786267416e4b74674376416f73432b683275464f683764506e44417667724c77736f4473454945495633454a614e446338456f72456764787471335646493778372b5654594d584f3741734248486462504a4e386c5771436d514a4c44756e5657326444616c434135585471506d3173434a6479794454706e3850364a334b595837794f587a5344796e745979446357497a4946466865634c7054473562354432423264593953486176383354524f6c6e2b632b5679454c4b744639514b5746516b4d375a6751687654616a756f304c4c6764392b6b643733523361706f4b544c4b4656697276694d4178456f666c4457425a714a6d686f554b3370345a386c61594361514d7273694949624e3852774c6f4e6c4e71595972674c5a514c5975694739414b7873595556666e656f77397149506937796a4e54572b5543394c3955744c633141583831646e415379426861477049414d726552644a4e735159574f316f4b49475a4e5942662b5569544b5a6d384c66674f377971514d62424d5336434f73692b4576723177375375376a6f552b4a63776e73417031537567454a452b34794d4451495935316c593474366432427954565072454447774e71324e596a31473874694974774c56575147566d7a4c6543505333594355506b795a597146767a34686478596456464f6f6f363568365a5179735653754f3463754472633852374a6871702f6557516c676c544461524b58554c4b364b507659436a7978624d6e4630476e777055693833797a7450433950702f4d6432644d624265654e48415a773132396f464376786859375674596273437976543767544f3263652b4950464b467a43676c4b4169594739446d47535a4d71495652575776734a4f324e74704a594d7245496663626d7258346241417662734d3746366a5a36376d726c594d674f723434456c564f6a424d554159364e584c68393439425872314b6c4d2f563159426c676e34664f5245742b50514e495436556d67376b7732713649754235654b513847785261514f4c767054366f696d414258587542447a6d576a3047566d4a674c6356304c4e617131595a312b796854774c49416f56475351667242674959416a7574576869454464665470443353744b6c66416f56526a7a71466334634f3570416b68644c584c794172684a704b37507a724e73514d665a794959675a47542f392b706365534145675a577273654a463870504731684f48425a31384966716a6b4b6738503159444b7845774a4c59506d4961746f322b426c4a53446e63436c514446414e5075426674506b52584b3452574252536a565745774f5065652f45615069556e3746764c6a7471567a7370445161576777734c32436b342b6f6f6e736769307032712b58436458646c43444775496e6c4a51574d4d392b6d2f7a4673645461453533326c53316338513062446d7257734571306462736a7575472f435a5749445546684c48687a6d526a715a3253544e52754f52504c50377534494a46466731435842716f7256324f41735273584e6a2b66526a783461674b6d656c63796b6431776643643768314e5835313147373537773965384c444f6b476d767a5a302f326f55746f7a6c314c39634c3650465842524157472b2b562b7039764e577237557a4d326a347734627a3866722b7331573268756a4c446175727662324a79617743763258687162342f673971694c53334966562b3473736b34452f32546964795277484c716231565751612f71706f356545364d4730316d71664c45434261314131734279767537446f3666687070636e777963746d4b4644556a50742f35466c6341644a744f524e5131717177615662416f596d5659774f2b56766f5a42343172524553666e496753784f6150494b75316e347336483866684d6f787238486139796d305049334b51674f57416d5376506f424f6f536b6172465037414a586543464d70364248466c637570416d466778636647705064574a30354759744757733744733778656a544a335653666b636141324a77474f7651796b5943524d2b533163726a576f6141734251307a6641304946796933342b686970386855356f77496e644733486173417163324b635a58665644364b77317759386a384d73674e50576b6f654a3236483032324d7a51305a73435465392b687334746467346c475779474f4c412f39476e6b5a5536476b665255384d7a6445676a367975447631524e5361416a71466e786e4469376f44657965305a59726d6c4d4658414a575642326c5543445354524d4e2f7250783178336c4f4842495945412f675647442f4f6971375563587551742b367a42386f6957454d41755739436c4c69486844484c456f4b3777774944554a49585862576134417034576f52344379563745554669504757446a57676749533158534856712f6f53536c6836424c534447577444466d434f5657344141736e66645566456a7071544642376d6642526f47594231705772784170454b2b412b734a7a536c6647694b57434543474d5043457371434c6d787268685a664739645772522f4b397036544f62334b7458756b656e307656543134752f4f6a774b354131614b33784f2f62614f74787a4b5a73695977756e6a357667324247566770646c692b4c61384b4d4c44794b6e2f68764a7942565468747754567057774568737768725947465a41566141466568494266346639697075666e633863355141414141415355564f524b35435949493d, '2021-02-08 07:55:28');
INSERT INTO `li_multimedia` (`m_id`, `m_title`, `m_desc`, `m_type`, `size`, `m_path`, `snapshot`, `datetime_created`) VALUES
(141, 'Microsoft Word - Basic Parts', 'Microsoft Word', 0, '17.58Mb', 'learnit_it_media-6020ee9e86b7e940b0f603c0a51723cc4eba46d822964', 0x6956424f5277304b47676f414141414e53556845556741414153774141414357434159414141426b573758534141416741456c45515652345875796442337763316258472f7a4f7a66625772336d555679373243546538746d425a43433530414a6a78364a7745436f5965654745777833665451517539674136466a6d6e75544c646d57724e36317132307a3833376e6a6d53626b6c4165684a693377382b346148663237726e33666e504f6437357a726d6262746b3336536c7367625947304254594343326870774e6f495a696b39784c514630685a51466b6744566e6f687043325174734247593445305947303055355565614e6f436151756b4153753942744957534674676f374641477241326d716c4b447a527467625146306f435658674e7043365174734e4659494131594738315570516561746b4461416d6e4153712b42744158534674686f4c4a41477249316d717449445456736762594530594b5858514e6f43615174734e425a4941395a474d315870676159746b4c5a414772445361794274676251464e686f4c704146726f356d7139454454466b68624941315936545751746b44614168754e42644b417464464d565871676151756b4c5a414772505161534673676259474e78674a70774e706f70696f39304c514630685a4941315a36446678484c624268653176746533787945724173364976326b3558685235646d62687538582b373766653733505434362f644c2f4967756b4165752f61444a2b79554d52514c4541343374387951513253527457744c5453324e494268674761546d6b67784f67684265676170415a51536e3454454a4e66366575586134453059503179352f612f3435734e754651747353544c316a625348596d677577783868736e4f49346350514a69444f674a6f63736e662b69325955374f53534e4c45306a316b6551306d565a6269306a5861652f7635664f554b526c59506c35613572476c6f6f43676e78504343665053306e2f58664d65382f30536a53675055544766622f3732335842326679703567466e363573704d73793057304c3037547861426f462b58343279637442472f4335354c58794b7871504d622b2b6831597a69632b4d555a41565a6c6852506a344e3672713757467266686161374341643839455a37535a456b7a352f4246755846364c714158546f772f435776765452672f5a4a6e393266356275496e366352746d46665854477476684954586a34474f62536652624930694c307759576f70335948774356484767727247446a6b67764938764c6357455439446a2b55674c34596e553973525245553762796f6777546646715353534d71796441314c464c6f43767a536750577a5450742f36455054675055664d76517637324d4766534b484e544956564e674b654272612b36687061694a6d65504659477061345072714e627357707a732b6e4b6a654d523934303449776c544976506170595144495959587a62454d6458417a3172372b716c743779415579715375715932557275505744536157466c446b64797653796f456f6f655546734e4973316939767261332f526d6e412b695850376b2f343351617a665149574b5173734d30585530766d347070366b7938427432597154456c4c633173426e32307759576b616d52384e74727966664c6330426e432f35525276637643567038586e4e47684b6168637579796653347361303457777762686e7444624c4a546970425041395a504f4f6e2f4262644f41395a2f775352736a454d77626567316252625772575a735a5155664c567447536e4e6a436d6a592b70663848414775444c6642706b4e4c384139345250314a6d3572615776772b50384f4846474e6f58383467436d59746275796c6f62734c457850644e426c5858556d2b7a2f69534832556a5965614179454542567672364a5673674456692f354e6e396962366242462b667261796a754b5355745330394e485a333458595a6d4d4938615136485a577767754c4a56664364756c4961754f6236552f4e2b7962524b32526344556d447875434e6b442f6c4855684757726d32694e5156797a79624437325872305550776278496f79686e34726855384877394a55397644666531662f4e365757484a437544597a394a7a4a722b72626677514a7077506f4f5276722f2f70494e355159434646314a69396265667355706d595a48775a4675576371376b6b425151636547437446764e4b446b3832774657764b37625a766f686f594141356f42746775644a446e42444d615835784330516463734c48515661766231786347726b2b455362303566423452662f646a4255504f487770574d5234314a346132574271326665544f6b4165746e6e6f442f356f3866334f5170425245435274435953444a765a534d70425576725a61447276412f4c41617a7663386e7248533973505a756c6b574a6b6161375362486c736d2f4b676e35674e633966554d545363513335572b4773664d516857635777693851537075455668324b2b796a4f6f62324f4435766f5037506c386b2f64716633414a707750724a546278786659416c39532b797553577a4a35637459526e45624a7550353964682b377959614b54456d374a744c457679672b7576622f6573766f7339684f684b5568414f55704556496a66676f626b6e78734c6174577732666967684862786663356c53394f42695364316157694a4a35516d4e7179716c794766777a383858596e6b3856475a6e4d7249345834576d337874567638757730362f357953325142717966334d542f2f52387775506364414c4977684c78576e4244306d416b57724779685857706b6442456a324768326369447763304b346e354c626b564545334334772b396c795a43572b77517a6a757049636931514b356e653230395156777a514e584768596d675361476f61456b5a614e7269585a59586746627476454d4979765a5361377537764a7a4d7a3837352b732f2b636a54415057663241426d4149436778374c642f79382f76352b76463776656b2f6e4f37377665373973514537566e34726a645873552b4469614b766967726f364f52417a64394b5062486b7a3544726145664f594159483376542f7665623941306e634b416a346e6c3255706f3674424a316f4345416670736d33655872634c436a30684b3565644f614368775a5746704e6f5a743454566a6a4b676f6f6a516a67434536432f45614c5973766c69316e3631456a762f6534306d2f346553795142717966794f35434a72643164394c6333635849386b706341796c3346576a4a70746f674b766d716c2f4a2f396c712b49384d734c32767136634d5838424632696465684b62366e747247626c5a31646976644a476a614735554b3352562b2b6e6741534942694568702f49684f7132386f6d6a4b34727757416b38686b6175333465466a567345717431394c466e6252644c77594e6b61707555512b4d346c6f37647761556d32474635464c4a624573684f555a515470374939527332593177386f7279504a366c6154692f327a7a6e394949365875767330416173483643785444494177316d6c57514c435243736a665852734759315777386667346b41676130384c30746c77483759514279795775587045417752494a532f6639363468757263416a493976692f6632495a6b4b6b6e55746e69765a686b3744422b4e7a3943564a31666633634f43746132672b7a43566f6c50446b766f2f7a536d523256437134487a6d74365943663969582b73713752436f68744a4f7536526957674a4347312b326d4f783748734131486e446f41627a4c65445659334c6c654b4357566c3950636e794136343665324c5574765277706a79637652346b707a4d304c6f536f52396c734f6d622f4b51575341505754325865722b7a6c684162764c5637415a7150486b6572757852634d34744a31566e56326b364642556335362f6b5141627833702f53336a45786d4241783236796f4c5674485a5232395449646d4e474f794c4e723267707058546d69325631654e77366d31615644775250304a77792b574a464861626d6c61675054636b486e4466627970744341614c362b3461673846505a377876764b393956553641735147306f776569584c38485a4453393549456749613273653578756c6b67523069346e44537642725575476f3466366854347676386430336c4562384b2b6e4639376a642f397558706748724a3578365761523154613255465258513074314455575a49385363524454726a43656256314c446c694a486b756f7766564648696b4f536141706846432b734942554e45736f4a3074545379365967716768493344567a6978625847556e7861553064784b4a4e4e4b764c52426c79794a5231647247787549366d38506266795a7553534d48426a76385247756937794378655762544b704f6f38796a3074397263483870764f33373373356e707a74754c534b4c314e2f2f345a617871386c4a5751794e7268735064316a347274615077315933395653332b4e3147314a49436446424f6a496d65684970424a766d31596d4834325a3052546c6830384c555251482b3155354f333035454a524d576b386674537375714b4c72536765766f466d77335a524d6566655a76496746584c70595130562f554e56476636476434666a346a636a4c55746f716b557279356644556148684a61416730583242375154476338362f62566c3866796e2f65776c4c52556861574444667555416b78732b792f6e785646334f6142696f2b6b573430734b71416a373172316e4d4b6a39506b3046313931506b3465464d3661426f517945342b73484e4168556a6833587332736973763153534a314b304c566f4b6548694d765338484844394d416a39486b74306f3331704772422b354b6b62334f50724e7275454c355a4e65322b4561437047535469545a43704b797454516b6a376d664471663274703647757162576256364455324e54655158356e506e335a6667636a6c5a753639645a6f4c473154324d477a4d466a7931656d784d574f686f6f5a787471756b5a326f5a635035722f4d527974586b33533547466c56534c4b37682b71534170613239314454326f6d4a6f56712b364c623447377261644961576b6e386c4b5236572f4a4c4d6f61376847736a4143552f3056516272682f68692f346f462b397032485644442b35496d773177686d7071613049747961644b6c4a2b6d474c57572b444b795763463957696d79766d7932725376486f4468572f726f686e3357514e4345752f773171515a4572534e486e6a346d6e4d752f4e4a4e42574432726a46686b6f4e3737532f6b622f706d6b68415444535867653753304b526a685759727a6c4165584c6157774f58573059796b65712f7074636e615969742b6465754e494d7a61562b662b6d3944352f316c386d51617366377449423566337633714f662f586e4e725a53656d74595a7049564b7a6f342f597772656633314e7a43304547346a70447758705157585545557474756841436c37496361633953694372687955317278444b79464c6c4b6c2b4f48364376745963526c62746a32323531443947673637617a5351594c6759586253756e67442f51792f61314851586578342b6879764c70426256633353357537634a736d655634764762614c6431353568326d585443506147384551765a554e4b54764735684d333539703772365446706447706d5352567573425276647362624b68427750777147446836714132444a6364586374372f7a635a33442f446d386e50356f39744b4d537975633836322b354f6c7578434d69474678793265763857477152304751533742566247437639356353756b56354f4d6a596b69794d67637969493363596846635a68544f486a684f3858697a377a534f7a4d54586f6930533564622b54304f6655496546633149424e743971436a39352f42372f62545567615239674f412b67575759566d34355a6847535a756c33426d446e4270726e34306c77766235554a4c7057684f526f6b4f4b6558304a3537456c5a6d4653304c5a6454595364394a4a727179376c4745486a4c554257546e6f7677322b3867666d6337344466502f6e582f494c4169786e6d6f3436386b5165667554766c4a5757736d723130713839704c3672695a314d6e304e2b533162746c52632f592b65644e79556a4c4a765a5751727865497034496f6e6637795857482b504343362f6e766e766649425954516158556e596d334975436b44354466456d6f4e65454879354657613851464357336653377061565973376e72354b5a347945764c786558345561745730326a7137654c654538664579754f5545416d2f2b59416c6c4d4f59397336647a2f364636596564674a654f317435525a715a347058464c354e6648534a622b4b346f76504c30625035362b5639707247334337516f6f4145687070747038346b55353255426e38307578736e412f57744c6b385938665a616e5877705465366c2b3542674d7755385a6b6166685463555a6b352b4e7857795153304e4c56546173686f6139595654622b7639354758716b6c564a6c5669304b586a326e37484962574944494c727871504b754152774e64536e44726a4f745a4f474b4c736f5776696d323177583831696d3546445545553871687645514e6c51537366716a644e7678704865442b3577454e4e774f71462b7664664e2b6d536f51473343544e48643173356c452f646c534d4b7635425871776150536d4b626a5a556d6f4b4a36574957336f5454524e7141414e5137657750447139576f496d4d307055307a6e30676e4f6f32484537586e6e3964646f695057777a5954496a523477684e7a65674f71684b6a61563856345875416d3443766649514d473031587a4c374c70663042524f7872776d61563247612b4d6a79487657566c4b312b47624331305150575950596c30682b6a6f6e49304861314a78636e4974746a2f67436b382f4e69746173584a704d70532f3635386851435768484b786542393575567552537553686139313039633746634e6e63652f667a6e4848713153707353365253364a70376733354d435851686b3954474d76426e78446e3931414d3434494344634c746a68444e4b2b5043445439687a7a35323464635930316a593369774e45774f636a3450657a3665544e47444e2b484156356862674d46355a4c49323561524e72613258574c33394c5a3742546b47717049324e6c6a44736230632b54352b3350736f565035316668394d417750716f54593138336e6457397a2b4b384f5966586948725345577855534b334c4e31724530413174504b704c64675749424b776459445a4538794c39614569346d2b5766744c4e356f6131536252563437474e62707041435043692f4865514d6350756c586846495a324b616c7871716b45376c65626e2f6e4f525a474f2b6b6230484535674c3242464546344b6a5338707333456342356e626649726a4268594c7647304c4164415a627861517658636b684b646331392f6d41565a6274774379497067482f52444c4149756a5732486c796e70517239743432394c386a2b5464694b337830537a42464763304331755746773636776d436f3874514b4c5365417476416f62464a704a4930314b376962317363534b55754c5a3574426649534b6e5a704d62494d4e78354c6271745236343551523553533068494f50767445526b2b61794b7366764d4f6342665070545362494459527875393334764148386d534571686852682f4f30534d6b6e6764615677367a6f2b50555a4b74315158444c633768653453706236477979555051586e67615a677045302f594a52586f2b44574c514e4244306730427235395754783747714e306f33503541794277423368784d425754722f637a762b68442f62336a6452673159473162534c312b786d6c476a74674c6261554b694e70326d5952687555696d5430574e792b574c2b683367324a4a652b5a515a53715153646e653055462b32465a6f66566b33545732376378646e775a4f2b32344a307358754256584a42744f365839306b35545a7936524a35577936795934382b4d437a614659417a656a6e7070744f774c4b54504844505338796632366165374c7157344c562f337359486e333649312b4e5268623735425955556c785a52586c6d424c2b42522f39376147795058356159735a334e634248445a6e6747533367455732545253322b66793962487230564d777a4354507a33774f66796f5854584d5269362f6c6a615650386567742f2b447875312f465a5570514e39696430336c7157337150436a6c636c73352b782b7a423367667572727a4375726f366e6e6a734654352f65773468513377566d37392b38426a64686b7339314533705a71416b57776136625742392f446b336e58716c38697974415947554c703665674a59456b304b4a42517775652f395a616c4f394472683852535968766261327953376d354c4537345a614b5a384d744f5437485737624274507135647662664f5765507738684f65584237444b37366242617a2b706f63443078355963496b5757724f4443334f37714f7261506c34415a644e4f59365136534b70416c73447279372f6c7a39624a49796b306e6c64736549397247777675756f637361466e59704e4d4a6d6c5a58632b4d4c51346d552f4d70415a314c476868714e71624c4a704379426262704e5a4a6b6e6e306f53316f61315077455177486c5478666b466541324e50774250356d6854494c42444e564e31664436714d674f38386d78752b4c545537686c50735675656753334f46415351717044677761384e63574a7058447046727262564439546633594a714d736e67632b4477355735554b63504c62634c32665379426c772b736445505952312f66736a36525142574e427044642f6b4a4273764156675563367930727379585470786b636673546550486a2f645936622f4330544a6d41596a38646f62322b6c5973682b6141686757527a392b3230353438776a574c75326b627a634375362b65795a4479716f594e616f537439766b6777382b494a6d4d38756f7279316d32724d6478353747594e7532506e4850574e576f5232705951335449716b30656676496153366d773848746c34506d4c784f45556c4a586838486d78445a38484b465977754c574c487a51366759555550507556567253666a427a65377265756365743668394f5736774572524f486370727a37387351704e33336a76596435592b686252726e356d5848514c336d6765686978715a514f6265444c46456366396d69636666427150376548424478376969686e586f3773384a4a4e7849736b6f35575644654f2f57352f46474d336c6839517538333979424c73535262456662716463626c354850373866767069495459626c7353306333484170644f4c616b4b34485839436c4f4a324830637431487a37504b6a6e2f747042736a4765504f6e59346a6c42445348464b365272635749575145384a6b614866345934563348632b5142762b556678313845424f6b3145357a3477624e45535a4a5565514c48673068704e70565a47597a78756a6d3166477643727143716c3478706b433053447147574e4146642b615743546c793278566d4c58384e584d4e4152596c3071304359536a644456304d544d7251346c68414e597a7550526b687972386b6739756b616e4563662f703250497938346947417269392f734a686b4f34584336434758343862673942663142352f68356642704649684c564e396278302f5a386f5737754d4570644a6a6d61534d684a6f4c67755853384e6a4a33455a4a726262564f476c655071364c6c367768576d6c384871384a49306b4f625a4a53726142524a47616b506b614833654547582f4f62414b3551776d465134374f377a2b67502f757849653458415669646e56323450414779776b505634763153726c76786c4c4b6f784d2f766f61746a4358362f473766623957394253304b5a61462b45534c4b50346f4c394a5568525438726a66723864703578364f4f30646e645457726d52563352703077384a747546587458315a6d4a683658697a504f756f332b667639416143565065736e364f4a794a5571575456455847447a3732467a626463675468634159756a787654316e6c6e32524c436d566b555a7562513374464e616e557a763933394241552b686e775034544147656a514e796945454342392b2b33626d72484a34753243386a37704644527830314b453839764b7a2b4c4d79694d5a4e666a74686577376436586756547568534a71796e654f547847376e7979756b736e6274633957442f2f52336e3068447251786362325461782f676a317131646866314450306b38612b4f504d7330694f474937664c31364475426357576e2b437936636354565a637836585a6e4850564b56787a77613134635476316658714373322f394d7a6564664b6b43526331744d2f584b50324a745077374437526f49355352457453686332636a3051383552337048775271325a53573539374836756e48494d516778746339686566465351676c672f525858397248377a633379327a6c612f4f3543634577355537784750524e654574624c49547157345a34394471657a31454e63746875323743352b384e70756971415059706d5a78376a50336363552b6835446c64576f4e4d3363637a39514870684849474e6a356175665a644864314532397035364774446c506651304a6a415476787449564d4634427736546264756b58316a49735950323638346a6a64486a63757433696c426d365843313056594f734b574f5565505432397246692b6e49382f2f6f69317131657832335a62555a326253624b76692f7147576a564762387169642f6264444e55616e4c496a74366138745952536c43584938506c6f7330785332353547776779536b5a6c4455586b31645731523569785a79656978577a467931426879436e4c524465657a4e375a726f7759734d625a706d697073362b6c4c5544313049435438306a774d636b764f5533444a6f68656f71437a4634784742354c3977693556545a4248743765575475545873744e4e704b725353363845482f38546b7a5959703771476e703575757269346e394e5230416f454151622b583374346564746a754a41784e7a736d546f687a4a32526d4b564d2f774230676b52573875354c624643322f63794c42524a57546c464e48514879666f383948593371304b6b5263327263574f4a6a6c7270794f775567453166674f76757074344e5750486a5748526769574b597a4b4a634d713059796d7148733751716d46382f766d6e4c46395251394b79475470304b4c6d352b665446347578654e5978447470784b536861357258483031483170626d706731677676343946446d466f3342317837436f586a5275494c79476443663138664863327450484c693158695347667a687a724e496a42326877686b5a68324862624749484f577272665446734c364e3271434c57316b764c6b6d5a536c6e68614e68334a446a4c334773324e35317a4f3658736452615a384479334634532f656a533833433073334d4f77556b61354f4876374e795754312b7243314f4b5a6b314679517158766f544561566e6339373669366557546c505a516f6a7a6132732f64736a354a7465355533395a765a393950766c59655253447765524e757952566354356f3762426835752b48433962626234464332613969792f6c6447336f312f6f4a6e4c776276396c35622b34342b482b6f73484e4a456550306d6c6b457733344d496258564c4e72303950595371322f693739736570376772395439786c79556b79777041704165585a744a6e6d657a307772315556513554345a2f77546f4f584932526466366d617a57534b31755a6d35732b665430744c437833744863526a2f55526a635a4c6d4148646e32657a6a5730526837624f4b33784c504b6d56726c507a2b4c6e6f665077346a61644c737a574b6d66514a656e31743562774b55345843592f507838786f776278354479636a4b4366755668705148725a344472627761734a45676f496e3148394e4267513134566772332f376b4f4d4756744e526b623433336551744777364f376f3538756a7a654f6e6c4a5770523672614c542b62635456614f546e352b67664a79784d4e7856724e774c454a4f6d367874714766692b47505164656c79734a355558746578557158364a574e6c38646e3878386b6f434c4767766837624779446743644461323663796355624b5a6c6a417a61366a396b58584137692f6448617968414b53336e504b614e705a772f6b7a72715a737a416a314a4f2f72363665764c364c436f6d417769432f675657662b4654573363734652563246683472594e52315135514c49627570445a6351363736342b556a4270474f4a696876706f6b4e496145677079303253466b4a6e336339506274664261506b5a4f54713437757376716a5844766c4b4d4a5250356152344b4c4c2f7378662f6e776c486b4e344941465879427065684c6262434c533478556d37376364565235324a7a3449373537334a374e354776423778316b796937553363766676526c4a41507774456f54736f52556f69334a2f39644d4f7378586d6d7677573234574c6c734b5350616b3377303751456c36546832316f4d304270774f704c5a6d6f4d56697648486f36666761653945746e597565765950704235394978444a78573772696d2b726f59766a35523547774c4d34382f47697533574a50516b6b2f687a787a473456626a734c7655576638714f786d58336358725a3875356157447a314e695650486b524b346755352b3034345463346b485a744d666a625050305445614f486b4d344746796e7131646a476c4444794279497232324c754e654365434a4f58312b6638754b36756a7578544a762b57457739464753646433523055446a3345537162586c47686f447830436e5935684b59763369596a7556714e73643164774d4c784e354f5a4538627239536e763165634c6b4a6558523135754c6a3666543446724772422b42724461304d4e716265396c7a4f67647752593955782b58583330466c3178344c665a414a33436c73744573336e6c374a714e475635435a6d54307761642f735a646b7069356157745a52583755584b7a46577066534756502f35344a6f574658676f4b3835546b515045584736544c4576462b395851634d66525171564a5449436c4c5853424b38546b713554326759394a6a2f4f5035615177644e354b476e6d3671683155795a334764436e765575364a524c6a2f6b4a4e727234796f4c7163764a4d414e4353596c7956535a6469547474376e6a7556755a3172714a772b48443156425867464d39477947395a6e4d4c5074485730343132386e4f7650754d5878384253334e3044633234594b617a516a7a6846335830444a734b474f4279564b73663465587272734e6862506e6f2f5830726a787258755a6c346970734c58665344484b386e4479316f635354757159756f6768625854543433785831582f4b7a566e586e732f62376c6238746b37627169592b75654d7838754a757643452f427a78314d2b3577466e4854704764744c582f662f32534b74514c56784d386a7468497653326e4e6e4d4b584935362b6a61577547414666674b6236316354584e7650526e32346935416c797742505473585043796f4f324c593169644f3761365243796b354c42314d4754774a324569475952744132386d6b37784c7074514f6e56764e46316e35596f564c4c727653664a72593969617952397133694151386974617762517475726f372b4f4b52463168323266325336734151786c3343613933474d6c4c34445a6c316933352f67496e3333385459736550786957493132552b696f3430562f35784e35337676304e4b34426d2b47683930766e593565506d4c6437684867456e41794c524e4c71694173552f3164726f614742746f667535544b787563774a507a30534266394648326d4734382f696465413973774a394f3538463656564a666745734553307168754b726c427a726f76583658685861512f725a77437451513972315a6f6d4e70753068384e6845574f2f6777376d6d61646557746647563147774e6c7837395238355a756f655a4f65453165524a647575726c3367646b67316132794167386d73303359396c4a56566e68582b2b4e5a50796967774b436e4d566754704941796965786f4b2b336d34364f2f6f5a502f4b3354716d4c6c7153734b702f44442f774e4e31782f6a794e4647494177792b6a69786e737559386959345a6942444a4a4a6d35515358636d7174516a30786a6c7168794e78363336317544366138796933546e2b63767a2f3474434d325655646f79584d2f7954382b653472335669326a714c414d6e392b6e5043634272454775533370796462613345662f6f452b3638654b62446e376774707579354279382f2f7970757936754149656d4e4d66572b4b7967724b384d627a43426c5759784b426a6c78682f314a5743615257495444627a7550347245547941686c5969663771486e344e64363437576e6c71646d474f6f724343636b454b4f306b74753768757564753571324979434663724631527978466a742b6250652f2b4f6f4a48422b612f50704d6162496f584e6d726f6150726a6f52727872596b7038715768786c62353349693868372f64372b712b30427278345054373649723273726c6c4f33644c6c5a506f446c4930667762436856515238626a61747143447934574a754f65416b334c613039584e344a6746345458702f4a5155514458612f345578636d31555444415259323942496a692b544a2f63366e724470355a686e62795637793948496d574c534b727131765a556e2f3367563370632b63325146306c4e6550437a44796443354e524f505a75475a4d494c78652b78477a537576456c2b314372665a7234687a6c3936504b61313870504f454563477a342f354d7675424742624162586c396156794b624d43315772366d6a39616c724b616d3552396c6b546352443966366e6f4831774d786d6d524250515737555876627664516d6c5a506d365842355768565363564f535661366e716f414d73414143414153555242564c3766734f5a2f68713337677a377946384e68316135715a49764e397051447055413055554a387148427351304a4c5574672b337068394a3974754e315a35486c38546b71744442307a364971337373754e4a66444776517931477933523471725050326f2f547a7a7963676f4a387059585a384a4b50362b726f704b323168386e6a6a3351794d614a35305a32614d795639476b6867696c6a7a734e2f39696931333335544d796e4b306348436763466235456952544562624b796d664c367231784954494754596c4b686478337670454457504c736a5359364f482f475252534d48344d33454644386d764c384e69446e6b366b55585230744e4c3330466b2f652b4a5461764765646552725462376b5662454f6450435058734732477376587068314e55506b51396f617531494d647574542b4747554454496c7a2f354f323831626163796c476a38586d43304e504b56564e4f497450326f3173474d534e4757455254757253736b5753446a616d37755737576e627a5433595176464b4b33735957754657743435382b336b4b65465342554832506568472f4434765970776e75444e354c6f4454364349674c71506131325a736e6944477365386343764c7652414b68496862535a6f61472b687137314465563035654672744f334a53712f4278536b54682f33484976676f31524651373236676e794651636f354c68346e5935513976682f33456866655362686e4577364f6a7235364a4d766d50584847786a6437614a546a334a657a537a436d5a6c4b59467666334d68744f783745694634526143625133436d6c744931624d5149654135397534645974456951566e796d2b736d6979624663537a52415046467236493753364c4b62383457493835614d6f717436455543696b4d6f7a4f764831394c38766157724e6d4e54327633557a4f357a656f317852642b4478644e2b36503130374a46436f396333537a342b69646342356c5a53554f594b6b46376d527a3131386248396b2b4f505a6642474431396e617a72475931573232394c37597057634a426a5a464d3143436f794e5a573952455965704c4778692f497a6631365a746652647147492f4e4b4376556a61586e536a4831734c714b66372b48455a50502f4350525155466e3274526c5739723732443573594f7470343831536d2f30515538484a5279696c375858366563637a434848627350425a566c7a4b757670794f657843316761327130397a587a326e57333874364c7935576e4e75692b4b353352674b68544e544556476976517a796e586e4576702b5046342f443563386753586d4645354538356e707951353064374d4f7a666577397958356a7139705554394c56366d37584c344f42764f752f6c38477372386a4d6b7435716c623732584f30352f684d6956786f4e4f526147485069342b6a65754945386b724c4d4177766f575176562b7879456b484c51342b52354a7a4c542b614f5030334872556d3356464f70356c4f366d367465755a58507a416a75674239584e4d48534a55763434767237635464455665722b3148636570345534665a3064314d3162774d453737383066647436486b6f5148742b4d574b5042335752706e5044614e68526b75374c78735231535a53704b4d4a37425353547765673930326d5543475a524e7037656153736276694e7a33454e5931546e70374248516565496a416f6a7742484b573561485033514e58676e445355594469724f614e36437061792b377757366e7674416858326e4c6e34654c5a796861674a584e7a56792b3762374d534b5a69653771787a42534b6a77543756544b5a61734d6f55644c4554483779516a34634b6c7755534f6c65396a30356a743439713333574e76536a6a736a672f7768685977644d343578773061723973784b697646766c4d3272567132692b38572f6b4c2f344c71566e53326b61495a2b74524c4543684b4c6736642f36564870486e714845716d365055786e6758476e412b6b457533592f394a676b4a705a33773075563162446235747735417156306959694352456a69782b2f704c514d4f4632346a5331666b7850702f33532f48383441612f364d383363763231542b464735384e50483262547a513556704c746d74624b38396d574b6930747871774b786757744138743352327336716c513373746f4e6b4673554c6b74664934566a695a556d5a68647852754849504d7836346c474368516357593465515735505070676c6f6c776b79534a4e4c5a78636b374855793271327a416d3349576e4378414f546c5a4c55464e4932576c4f4f2b76707841707936656976417262362f6e476473786d4d6b6c48577a76506e58634e445174614853476942416f44344b643654466b6f546b6d615049674754543548754476624a55466e676a756565595358616a2b686f6e6f5947546e5a524f4d3257325a6b63744c6d2b364e7062674a44517754476c64442f5668327837686a6541655738706474632f6672746647346e4657416c545a76365653735a306444446b2b666669476c6f5844766e48377a663030584b6a4e4f306569314c6c69786d37776e6a6d486e6b4879676753326d6c56443872315a396477784d4d637359546437456f543666584e6e464c715970746b7858556d46686451537261543278744e376474766a3865533663707046477737375a6b4c4737442f6d494a456d79716e6c7057697531764f4a74682b3278484f44744c3357503579685545316e547a386c45585961515362486e3179597737386941306a306254366c5863762f32426c42707570454a4a4e327846736f7358685375424a6c3658434e473233706150357935516c4543534650397a3555303838645a375a47626c6b7032546f2b51764f626d3556465a576b6c3959674765673563303337593942757146787a57705733486f515938303541304a524a3543774270374c676b3164753132505858594942615635754e3369345833547458474b527457617477643336492b4e4a502b682b33304a7343596436495344574f793079363638383838506e4d365a413038584962346e545237475a352f574b43486f6e383766673473764f634d356c474341694253756f4c75336b2f7a635054474d44417761656571353665797a3732554b734e7847462f4d57504d325138694666586d514467435768796163667a6566672f53393241417333723735784a3438383944775033662f55756c4961365a4a772b774f584d33627a495a514e4b63546a39697550352f33475a6e7136656d686532387870767a715566452b56633236666b6a4a6f65447736656e4b67374566562b6157594f667365356e513255316c576763696976346c4d4e63306b335131726d4862597558686a6b69464e4f6d4d5a4c4f3252476a394c504139446c6348494d567653455655594d6a737277526e54722b4b445a584d5a4f5846544367744c63666d3864505647615837704464373536324d6b38584464457a6478326d2b504a71686e4b6339453769566571615662584450724c6a354c7866414541367230706d6e4e4b76624e4c4f50695059395742305963652b587074472b7a43523676547179336e2f7147426c597357634378322b334f765165636a57454a6a37556573455379594f73574d5265632f66706a3150705361423433753151584537644d33767873446f48474b4b38632b7966387070745458372b58792f632b67744b3443314f4a5243552f4b4b70306d39316e2f4a6d534853636f454a5a2f613169376c72772b6a587432506b5a78512f474a52517935396b4b5239564d5638504c53506b645162496a6349614541797841755332514e68716c5535384a686258484c2f567a372b434f4b6a412f367770546b6c314a595755353565546e68634b59536b6b724754695148736e514d455844396930747854356246366c5731744e32774f565768546a5633306f56477a7564517a57486c6435466f37506b41736679644b437a4e557837774e3274443034443148344b6e72332f4d4947437457466e504a707638786d6e4c6f586169497779316c66353477434f7854576139655375373748674375444e786d583273726e2b5277734b3864655237504a5a6b30654a3674743769574355322f57544f4858773035352b63647359396d436b446e3874697a68635055467161547a43517362366a357742677462553038394239543350466e2f382b3447456c7963374f7072756a543431484a5251487772534c4c6a2b65765137646d627a69496e724e4a4631395559626b35644451326366723737374c39623837443038795777485630382f6452447a5a786a46485849625a4c78386d536e574e524b7150732b3836482f2f495557526d68465874345463426c7451375a6b51364f5673553548714f65764b726a62444f79334936696370375259536130704a306d4430382b50783954487634586e497171716763586b31655254575a57646b71613966643038746b6c34632f374477567a666279774f65504d6e584c2f62424e74774a53743454665170526e75646a3230754d70476a646165556169445974326433486b7545325957726d74306f68504f654e516a436b376b4a455a554d6d43766b694568767056424b4e4a46743335642b4b4c4776484a3461713264454277486b4b446d533435436363714458485670793968657356444e656e7537714a76565275333733516b59587873662b46555a6c317a42774878476931357277756662644f76322b7a39325057556a78744b526d364f736e563963785075706a35656e4849385874326d7164784c3651315855704366772f43676c396c54666b7459676b6f39696d616b53456f6d74434162583238665153326c6c4f6e5630323554625833383069382f6c456c75586a355a4f626b554b697042774e4c4a3367356d6d5039643459584d553871305756626251473754532f68655045477745364e67484b377568626a46794b4c696b57562b344777696f5570794334725158524939704432736e77326376756d444863434b554c65366d516e6a39385732704148645142734f78522b746635706f566f4b72727a6b633079376b6f6f767556714650626e347679316538727768536556543139485253584c67587575596a6b577267396a7375774f7478382f766a626b524453696b4d46697964535735754c734767454e474f307a313452465a6253787458586a716476392f37726d4c5a3163395673563353715238636145516e6a4e70354678334e72772f66685a4b79496267384c71496131445331306444637770723652703639346e5a577a6d3957577159375a747a45535365647270685658616e324859514d5a7876383571726a4b5238396b637867574a47767a7257654c354d4d5954775a49386673352b7a7470684c57784a4e7755755872693567476d354b6f51776e785a52684d506e67794c53374972527a4b6b4e4a716367767a4347586c4b553747746b773665337259733267495538662f5774556a447138755964584b4e616f426f43736e41374d39716d51585656734e492b764976616b654d784a2f527042344b6b562f627a63372b597134644e65444659393278462f506f6261386b4d314e4e7a4f76755a466a627236474c397258736e7235437071574c695679353073456259384b4d3955785a494d6e544f75576d7536554957707a6d2f4f6675342b634c556253334e6d4b3252486c6c6d304f77577536634f6346536258333468626933494479666733627252454e75746a713773735a73386c34556d342f79317162695856334d396b663575576444694d675853422b74526e64522b3950566a6a456c5077635a7531356d4f723849506f49755965706d683961536c59514d41787364354b73713238684c372b4d724b784d416f45676d735350556850706c753462582f5a77767072342b656f3646383958366d46587261776c752f6b646a4e656d496b6c427a514f53584652656c41476d41634866336b466e59462b79637249772f6f57332f595061322f36583750706653456759706147786a56456a4a45736f764a56595632716c784c7361794c776f44552b5332326563535574764e786565647865475859416b712b73616e695a50756e42714a6d2b2b735a4439396a31584653706665746e767142716168636472635042426c32446f556b797355646677464b4b2f433457794274547954716d4d314b67314e717a6c724e4d765a2f5a4c533959583469716c6f4e4d5a515236474d6a7a707133542b52636577377845375531526352415166632b73616946704a68473971626d35695a4d7a4c37772b39454a65306556474e316f554c47387a364f4f6e35732f3538436a306a2f4b6f4534393842566e2b386e2b3661786377343569396b6b506e4e674b576c3150667761433563746b3368364279324f6573496a4a495338724b4b4d547853647966326466702b64666631735564424756504837364e437837675a492b464e734f6b326b32686430596131746c74356357503332594c7777564d59556c47754f4b78594b6b6d736f34334f3539356c377431504b7a746439746239764e69776874637676494c6932676778322b4c676c2b396d6157637244664d5830485474517754774b432f4c4f64394836674574394b4835354a5758306a33374579575939526732463839356764594d45373076795932625368624e5264786a30312b5771347164713875483066374752367148566d2b2b6e78463358346b76464d626a3879767457447a53533156506c4d2b505045654674727663636957765a336e4a7941687753436a494d7763646f6652747469764f32763475637477476f5a426646645a4c73694e7051505a56743149396241773557566d71546c51654171702f324c6f444d39596a774c634661474c445a44784a665830396e522f655176575376796d2b5552634e364b41483556614e4a7a436c53384f52637a4844773346352f6b55447947396f342f7866676b66664f6f7866424742464976313064505578664e6a7553747a7572496f6f6a7a782b4834636664726f6932555530714e505030383965526953693838464869376c312b744e496a6b576a6c646232393558585546477950536e4a41426b324c3738794864486252535074484c6a2f57635437437a46634c7570626e7365304969717a6f797451644141726c557252324c4347672f592f69647146436457417a624c6a2f4d384a762b5032752b37465a596b576150445375664f754339683279726163657370462f4f6167413867595859566271753352564e624a364974773241366e34424871582f5867636b676e5230417169312f6e6f62667635724f65466b4c352b58674e655a4a2f7334635669385670586a53502b302b2b4646387165313166715145324445307a36556830734e32755731507a376d4a30553868396939784e716a6a6b356775782f4649484a3470765232777157636665376d353850613363667641565a45686a5031316e7636756d556d34467550663836617157543634397a6a3663364f624479433076786550796b624a744f6c73626d58766864506f57726c45622b65416e7232564264793874447a354a645059797058412f627559564c4d72323037536d6a6f3950765a49434c514f584169796e7332654c486d587957596652324e2f4a687a66637a5137424b76574171736d7875654b744a316d39736f346e446a714e2f4a52625a51576e5048454e655634666a2b31377475725749487178364e42436369382f69647a4349674c696f557159324e314a78717a33614a7a7864317961786435765038667a79786452555635452b3330506f7233346f704976364736626672654a424d69574c6f584a4b535664364448635a4634326e633032325a7141332b4f55396d77516d6d31516d712f73383131454271615533545131307a723757697058546c656870486a54536331675461764a4b4f633845576f5359634b2f666f7538716d48342f41476e48397658726d2b4479472f466a5a2f7442623849774f7271366c48415531697767334e6b6c67477a336e714d505862626d325171473874534252423458436c656665303631566d677061324e49772b2f464d764f56646d6e2b73615865504f4e6a7a6a6d794174565355333163494f72726a715045534f486b6f6a3163767a786c374867383237564175613275383567723731334a707a7055587a4549474446597a4561317a537a7a5759486b597835314b6b3436357233326449335362616165457161306d534e4856314e7a59706c574b614c726d51746a372f2f5046754d48342f4c4b7a784b423038382f5378336e4838486761526e414c436376753943694b764b534433435564502b514d366f4b724b79785876776f36313735413647684d4b6d32366f7572575031536d342f35672f34456c6e723074336938556c4e6f3977766231514f715245354c50764862484c38785570734b5471697a434568706a34796e6154506f3154533475484945665839765248716c73396e377531504535322f436b4e7a7338502b752f507930382b535a306e6874386736556c7a3439417a654e6676494b5337434a57634957684270617543782f55366d774167534d354f4d7575346b33415646374663366c476c546a6c6336715753657758613358304a725277667a7a376d65724634526545685937545174524576526e75706b3242556e6376445972626e6e774e4e7836323657356c6c632b4d4c394e4c6530736672563931677a34326b737a553365784770616852647246564771303942767231757559466168515635684562724870377a6b534563724455656654576c5332735359564e782b4463306548396e424442707576494568382b62674d557870304958506b475047704a6d656963637447554b4e2b7277385270782f42324e486a69546f39366b31732b4831517741726c5452706157716d3834334c47464a2f70377264387234676c59632b5250546c51386a7a5337746f6a626274487151394f5a5268343863517948423639332b643030774431732b477549375376524e30503458354f7736632f6d7378657578776c693670565938685738704f70456a486e2b534e312f394b626b34756978637534756262582b4c4e325575563147443438427857314e53693251476c55667069306631307472645357566c4f643063373032392b6b507676656b387476696e376a474436725665516d35754a327a3041574a5a4a4968356a39637061786f33666a3178336b654b766e414d62426e707a44556749426f5638547264514963394e5a6a78364a654d3348305a32775243456576743053533376666a7948385556566e4c6e664f5268434f4174766f39376a4d4654444a70657733556b48557a43386d6d416f72447961775366715147394e39646b694255676d2b756c75584d333051382f474b78366b696b3463486b7a456e534a686d4c5437654270485a684c734d366c3762793670326c353055314a5262736f72387a6c36357456302b7951375a324f6e544f4b524b4b767236796930334e777a39593855577745534c6f33747076794b6637343653306b3042567750662b4a6d326a773275586b4653756b756862365451686c634d576c2f50445a3469734a6b2f756c6f63724a79734a76612b66536336386b324d6a434e424873396477744c5778705963764574354b7952326b677073584b576d34534638517a593772627a3243716a6d4e76325030504a554861362b45534b663730312f62462b6c733564784b797a727158634471727675396c52422f444f66592f693051324368734668377a7a4f4d3274585546685972417177426243435861335548585953506b326e5266725a58336f324a554f486b346f6e47626c6d4657756e58553549656c427030764c59707376744a52627470697854526d6554753839687048592f6868484468716b69396e2b58416679326a544d6f61556a5a4b567272472b696164546c446d2b386c5a734773374f76596155514c4751747651486f52396d6b42507336376b36476a686a4f6b65695342594841644c66486c7a306b443172665a2f53663775564d5532735a622f357a445959646371546f2f69767469533535585169646243476f525278707376384e7762726a756545704c536c697a656733525a496f39646a74584566554f65653463623236346f7478372f7756734d586b7975586b35716f722b772f6558634f4c7672314d396f735a746d735066482f38624a53574679734e5353542f624a68464c304c43366c6f6c6a4479546b79766b53594b31763754736f733542466b3851776b6c7733375149387552716262444742676f4969556834332f2f78734872316433645174587345645a392b475877383674595071504436484c482f323079643564766e6e6c4a5a583467373656432b77645230773066436270764c572b6c4d515355547072462f4a6a516564515a5a65704c79434a444738796b34325074504467576363794e6f79417975526f48625245734b744b5a61387377682f7976487363765044485037554e424a656e2b4b34556f6b452f5a32644c4a6a374b56746c56334476795a66676b2b7973744a5847494768705241766454507a4456436f6e6a434b59455a6147556153534b6437353435583066726853365a654f76756c69507654484365566d45713176496e645a49782f66394467756c38574a4430376e6866676168693575346550725a6d4a4943443441574a4c4c3841554e3467562b476c7061714f3654724a6a4f6357382f5344776b70533847387863755a7566714366786c7937334a744c3234645a4531574d6f546172646a5a46317a4b6e6e445235435457366a366a306b726e636e4e62627833366c6b4554423358723364692b625a6255565978676e6866684c70503332586f49336453346847646e3953486d6d542f376c6757506a43544b6c39553357506342586654556a7153386f6f4b416b726e39384f582f3042436d59527030647851522b3862317a43303553366b3330666f714e6c3050374d72666b73457178713138547857564e3343356c747552305a65746a715a365a747242744f4139634e6e35502f3454764667576c70627547334750667a6c69736655356a767070474f3537625962306256384c4f526f632b6d69344f623944326551486259704b69796b753775627439392b6978756d3363767952514f6e4c367532786a614c6c7a3144586430434a6f7762702f517958653374744c564632473672593552636f6e4349693164666e366e713751624c594f54516d5751695155746a4535754f4f526a764141674b616274684778737042685a4f4c575831556a5571794d5658587371535655755a4d48454d593061504a4363376c3652304f484237655758324c4e70624f3968753541514f32503534444e575a77656c6f497465547378396c6271534751464568687366416f3776523431364742554c385a767664306673686e6b707978667550456b306d3657716f35645a447a695a4c4b314465792b2b764f594f33626e2b4a316374576b6b446e676c764f59486d6d443539505a2b57714e62517357633657785a553863653039754167534e6d31692b52374f66505a6559694c497438544c69745051734972614c7861516d727553356a632f4a634e326b394c6371766277734a6d587338714f5546356470526f554a67324e4b6a33497443312f513462744a57346b47587656796667727967686e686568706271647238544c6d2f665665796c4e65456c36647332592f51716b6e7a435754393049545a663636706e6c6943326d5449347955674a43585a69764372782b34686f6d6262364b364648792b596a6e50762f597152315a4e59745970562b41563939564d3061476c2b4f327a642f4230375878476a6836504c786857414f54703757625277622b6e77435870474a7653472f39436e616d52565670474c4a36675a7637486c4e39325052552b63487353524177502b676d6e6f64317848546c2b45612f71464633394a46704f4d586c465251536b3765662f34526f454c50464b57395930734f7a2b66646b3859353553756e38537932664c6a465a4a50696f745731336d6e7652556e734f496b524d495a672f577971593572502b442b582f387477704a32747a637a4d4b464335485342546b43717247786d57682f4e2f66662b7a34325259703345634c3974646e5855316c575447465249636d4579634a4643776a34672b79777a546d59306e74635470717857726a7a376a505a5a75756471426853726e524e58563264744c5332732f586b593156346d56756b4d2f7674527867797047516459456d4d466f76305969565344433262676d3435543373356b45426c3164525a464246365939306364387752374c4c7a654e372f346a4d71686c55796274773431624d714f79735472382b724d6a394a7152714a4a716862566374376237374e52363939776475764c38426a7564517858436f77744e526855674d48586f69755232726a6e4f5a31386c3953465339474f662f4e2b346e615362716136376e76714173494a374e49654750632f7479396e446e6c42464b69344e643037703531432f2b4d526c51726d6b685048797458317443777249615464393248433438346a5a446c456471476b564d325a36752f6e455a533875676d6448573373574c46436c5a3938546e4c5a6a3744634849784c494f6b322b54323935396e586c38626f58435133464157732b35346950647575673944576c6e624f6e3934365859655866516870534e474551706e45756e745a656d697a7a6839393939773054612f4953636d48547864624c62487a6e7a30386d734f66366243576165323036664f64557869536a634e77324471792f6578504e4a4f355a6a684c4737766f72327a677a557256724c69732f6e6b6662534d6b6d584e574e4a737a2b506d3050747570436e54517a4c67706a6733462f6462622f50456c54635169736555566d434c7138376a3459354f716f614f55614c5366744e6b6265306973712f354578552b4b61424f6b64686b52386f323335536542362f486f35736b4c44666152513877644e536d354f646d71307a6b6a3348464568616454553355334c30396d3456584574636773654f6468442f38487a7a4f4e4742744e5a4d3639775171683437433558582f6d78597950394b67666f7776396a33767364475437734935534d4d7a6162315255314e444e4372485a756e30397256797a686c3359314538304a366b6737666576592f71696c4b6c6f5a4a43346a5672316a426e7a69666b3577316e3337335041693347724c646e7149344c6b7a62646c4d7877554531365a3263485378597656787173547a2b64532f58776f5977634e5a4c69346b4b384c683872466a6477334e545457627834446272705636706b3154314a36684946524877786272743147744645485239393868453557626b55464261515631544f73424756464251586b5a57546f306f7358436c4c74633864564b4776616d2f68785466655976344863356a2f336a77366c6e59355a4c6a53646f6e3679546d4a5a76424a374c535a45372f4f49724d30784c563354754f545743735a6d5747365636336b6b544f754978414a6f49554d496d5950766f686b6b6b7a38346d47396543754c6a5151356f547a4655585633643743735a686d726c6e334f4165566a656543536d3347624154573269353635682f70694f5a52554d6f594a6d746332714779653164624278332b5a5361476567552b4e55536d57564d706474656752663163326d35336b6c4874763549456c637967664e305a70306152595630536a396174715762526750696475755150332f75354d676e455848696e4a5564477255344c6a3142446f6969644c61536c4d4f306e78506a7554326e6b3868634f7153495479304c7775644b6c63614f396739614a46524a7461364a6e784f474e7376774a656a307648377a49775858456c4e30345a3069445270742b6a55626a62747279633757506b35727551552b5330616848696531584e48457075764a414b4c2f526230487a55535869666d4d455154782b5759644c7279345554623248534a6c75516d2f336a414a596a613068523239444d6b67642b7865355a69316c7054366256616d574c3047726c6353656b746e436e5a2b68316a614b3470414c4e4c57316c2f6c5754766a526766552b632f504665377652656a36766d5a744958652f42716246784c77462f49566c7366676d6d3665667564476172582b71524e4e694563436975657136656e6836564c467a4e6e7a68793233484a37496e3339724b6c667765524a6d31465a5661564b623451446b50754c39375a7734574c56646b627176796f7271776948677777706d496a4c796b4858684d755332723475786f775a78683133586348535a557651335737656575644e4a5234734b4367676e4a314e5957456857734250586d456849797371576476585133644842304e4c6870415445744c665671336475714e4a356a65735568356a2f5970616c733164794336623738516c4a31784132464a484f6a694e41395868446b344263314b506b442b736c4d7575763552376e336d432f4b7079796b6550495a5354535874444862745762384c553766626e33457650355a5a4c5a71683076776f7a7332796d2f4f55633873594d4a79736a537a57565379583636656e756f6e625a516871583174443379574b69587a53676d5a493754484c715777385439556b7951434f5a694e4b307070356c533564773650424e7566795930386932666667474e442b7936555147494a356559576b68753131374c692b382f7a62466c634e5635776342374d4772723764503262746836544c326e4c77356478313147694d4971483732366951724b6665524669366151596f454858714d586334346c6e6c4745732b5151764b486a69412f7030444a4a35527261316d304e39617a664d6c436a74706d527837367a5447553652363870744f44335758455644316a4d68576e7a6f35783250313363744d727a31497962446a6c6f7961526d314f674374645469535352746857344c6a6d42747057596e5141414941424a52454655634e4448324e4d766f4446554446663944713951694236626a443150706d2f38626f79634d4a356749504e723355422b364d71586c74334c567177697372595771326b577553576a7946707750483439546751586236347159634c6864354e624f463470366b566538612b50396b6f4431672b6468782f6c66594d4e7a6a62386665336174637a3565413652614a51646474694a7a7a2f2f684c486a786c4570524768413676576c4c57325374725a576c692b76596658713159716b7261367556723945597a584954386c397052567966333955675949556c515943667357444a614d707474392b4639556b37667172723866743757667576452f514453385a6f54415a3455797973334d6f4c436f696e4a3244467654687a38366a7653394354307a4f5054515a58564a4d6c74654e54337162323743776f5a366d6e6e366c466470752b48412b5872534d7461334e314335665158314e6a657165634d35784a334c37394e745a4d4838657356694d737449797a6a6e33584635382b7a555731433469733643416e4f494b686c52556b6c736b4c61473939485633557264674d6163643956756136316f34637274394349557a4f50363830396c69782b3135647545586c4138665155596f57774731615366554a75337062475835736d56594c5732384f2b3042436c495a716e663535653838796e4935303070456c436c62396342766257356b38594b354e4b35637a6f4637374d57577730645273325170666c2b41776f7053626e76694564703665736b714c4b61346f6f6f686c5a57454d374f56416e77772f5336385733386b716f375457726d696876626157763532326a6e383864416a43446433453949647a366e545a54506c6e464e595270516c5461756f476a32653668466a434258493857676931705144625a32536f3253306c2f616d426d6f574c32444a4635397a2b4b36377375575943625332744a4156444f4c4e7a2b474a3131376d7339726c354f5955716e4556564653525531434d3458593879575173536d646a445a4d30457975766b44736666344a70702f79655a6166766f756f4a34306163367176656f55507a556c5a6569747358554754346a33484a3932685975345946432b615335306b7959735768654b3045533370316646732b7a41747a5672445a354732594f48454357566b79667874306c56773367472f713350426a6a4f342f64342b4e506951634e4e57474e6477534a6f7255515a3753636b7956584d495244526b79524147524e4e36545331346e596b3842486e6d39414a62304a5a4b4356436c4d486478416779703241613742486c4f4a52494b32746a626d7a35744c3759726c394852484d4e78792b476b654f546e5a5a4f666c456736464349517946484576344f554e42506d7371516e443974485a31342f7464704670706468325249557174756e413570506c4e5954435963615546504c52346c7256516b5255333145705a326c7470376d2b676162474e58533274424476376c363355755137535576635148594f6f647777755157465a4f55564563724d784f384a4b43386f45756d687162465a485a3452366571677637304e365a41617a7371697047495931654c703542636f6f4a62764b5679524573516d5972533174724a6d32524c326e6277744630383569674c704d542b686744326e5830596749366830596c493433684f4e304643336b70626d745453314e5a4f4d39364f624e696c542b6b515a616a79352b515555465a65526d5a656e6243334353745558587a58387331585451506d3974374f4c7473596d6c586e743747796a73364f46614573624f5a6c5a6450583071506461637642485154376c6c56586b6c77776854383579464d5736716a427950496e422b597448496a513372464b6449726f3657315537347051747643577136614649512f4c7938676c6e35314a57576f4a66547258782b6c566d557252375a6a7847572b4e6142614b7876696a2b7245794f3257305364656673525a3452353957656669616550704e4a5732784c626b346d686b6661792f7734336f774156697765706257316a593756692f6a306c6173704b36756778624d563057696349554e484d6e7a344b45724b69745461566548676750526a505a774d6a6d56516f2f666a6a4f302f4231652f6747344e587a5857494d636834434968596d3976372f2b3264783377585a56582b376e72767a504a426b4c43566b5151784b32494f4e4261465556736e5658727274593950713357757133573064716874593571526575676143317133624a6b4341356b5134416b424c4c4866397a352f6335353730332b435145444971334e7664396e412b544f63392f3375656339357a6e503451464c514554613574356b3941597965784b574251496765736e306e3141533366724c6d41364b39476679757369546f7867614c5274706f4642386a4971644937454954774b53556259314663737131714d36595547484274575245464a734443724f52392b4d434a646e4a7977624c535a52497978514f372b56316255737955744c512f4b30714235516f704b57316c6130746a597a79377970766f466a6365524230485052387848345544656253455957354343424c68416761575953306a4d744e4c63316f3632314763304e64556a574e33453853516c45754c56594e4363483457695541376a7079776c6144704533576c31646964704e31546871723731526b70474439367372454d764a452f4b37626a6473536d416d795874736155416933676f7a6c57525750486b6f354556524c436753793051304934744c52336a4e35425a646334306446796437545767647042494a784a7671555664626939713657723450376f624d5053635642434d783542555549437333472b466f4e75764974376665536e7548394c347330324375584c796c435730747a517a576444374b49717461454546534d5132466d4f4c67645a55687a356e3462585338524857727253326f72643073786f63696f7943616a58465a426f4a79473162564e43435355344268512f5a436b426f396b41544e742b453064426e633948464e36696e2b554736717175467852324d75466f7568714b6745425157464349525530667a5776653675386539324a7952742f31722f4d783757396f444c34364b6b2f2f51414b2f303448705375316e55364f4730507641696f36442f617149695836746b493843683051684d716267477a6c713644536272654e7055634f35424e412b4e484449616a4777674653644e41424a456248574442386a55734b55774b70315276794b705652484e676870686f534770624267764e4551687841316675304577534f524a6b6c6135506b3477364f744d39555942656e4963394451492f4c68685063696b53723169344337714b554441734175537531453648625553644a4333565576456b644d506761775344415159726a5974357864656137706c6274564f316f6d307a3649714e764366785a2f4b6b314c5143594d2f75327871716c4d476c355468646c38444e4f772f74543031555179353151465644554356716c535a554a37596145785367743079577157612b486f4d3971636151625152376e70656d354f6c354f70337565595439624e676d4e63736c776f4d727947696c6b4345426f30744c455642306c6e794a52724f34346b4355626532366a65796b472b37376132735671682f30516149656839465942392f4c4658627345466261646666776e7a37542f7978676451644939472f70417a6b646c4c7758736150432f4e3435654871344d5637324d69774a48363670344b4176535947774679524a4746726544396d716a4a62364267776747562b715a364f757642757173626b7442634e564648553153744d6d653466634d3847622b483842444236545875784d6678644855373164756836445a78507654434c6231746d626f6e2f7a6c6c4a624430344353414976372f7743464169417574733862376364734e7a3746593173642f7a62547a59557743475765657846634647643936786567317a50426c324c5944716b6662703739393734364470477568737a64415871655569612b724b6834376a68517945687855306643504136746c323737424c50376f34314e7a584d7a554d3839722f373032334d30364d3678663830434f334939662b6e41657562444c486a674e552b3164736e54767138637a555a6b4e414e664c68384e64656d7359426479734351386a496561536b39676148356d514a574847424c61787966723930495856466875774f647333367564685939412b6b3373556667775666615255557a546f577239356c4e6d435972302f6e503332534e6e6676394e336c48485766744c412b396331667a41446b64424471617967727675484f634a743062362b6b31752f6172704c724a72707641425a7646414c4e44595278615673443947626e42525872704943325664787962653371727657362f586731594f2f4b325364694676716730654464554e3248563268725531445242415455624a656b515164366a6e796c64353749493270645549705241414c7165354e67434c52747049364b6a74316e55504e6d5648654576393159534a4a322f306c323945376f4767563165555239454d744e30725471423134343872622f764e316c417642456269694a434146616946636673576337766e2f36393434313139624136504f5676756b62483733666d6d4a36662f6675307077395932336c62467445766962526e71706933354775735739384b6d3955305664695377596f4c784c32534b426269737375393033583971464c77764f4e544b2f7273696148744c6476536c7939646f772b6476524e424c584c6a5155516456556a425145466561533630375052536b46336c3158796668765475765665485773396243597764556f6f2b484473554e743832594f33652b2f746675356f50574e74346f39516e7071612b4662506e4c45564c47306d49554946306b6a4e3647654567396867324148324c497769484e475a786477576f726c44524e5a7153486f376447566a6838376d686d6c646e7a45647a437367707a55496f697a70646539764f6e506c2f6259682f78382f6a414b503646364266686d6775516d6b4e4837432b4f357637674e584674675a354c704b4d6637337a4254593374514653444961645169775378784748486f672b47594c6353646c343058456d72592b634678443974752b724b2f716c6f523137562b34586e4f522b61666e34386f7a50304b6972794f77585243546242367876612f36654845394650414848777367426853694d7173796a3637787854746356785062445744327861552f323851484c6e6634634a5843417454554a66445437613652303671655852502b43494934345a4379696275592b61566a59554e6d41706e674b6473706b335779446d6c32345762754f514c3449426e66456d7a724849644a2f4a335370504a664a617762684c536f362f34364337794c6d4c7147304b41636c655347382f50706e61457171794f7766514367374f793247346e7459505a6b454f37595053776369344a675958646f482b5a4567382b72614d3450745754727839614b4336636732476f50733248583976586e5566392f62664833373179676d74656e496d4c64344e5a61757249464553674a364b303665664168694d52454272367873517332574f695a7955674d72696c6d524d674c786f6f6a594b5a53447857696c416c3752744c5572614833377530302f51316e6648505176434f507642466770465a6c394e59527a71434f4f3558702f506d4474576f745455735642774e5a783042376c6945715556434742784b30424b7755486d35736275646f68697a54482f473258574b423341355962377959706c356b6666594771366954724368586c68584438784c335937316c663359434e6c5a766832494a55535a77586a7776704f4b62515a704b6f496c6630446151736f4f4170455743524672766742746d53796373336a78644651584f4646684b384c2b31455257386477586168567572796e575348526565384a616a6e633557583945465a635a5142713845494971636f694667756c6156737a542f616b64464352337338486a7075567a434a6d504c42324f39787833626b6a7237397670355361303859426c52703045466745666574325134336379304d4237485867494c3244774a726b7a6b796b684c775a57556c6638427134776b4d4b536a41674f77734c67447734657262767a2f76444c306573417a4877594c4646666879645231737938475167646b34664e7867554b2f534f664f2f6749304d574d776f4a314479514d517448534659636977636676417767547475304a5835514552646f464962453942316733386d4452757469546175582b535349574b7a6d786254483668524e533072684a6447355549756539337434555471424e356b452b524f4259503735544e677666543651686577516f6a6c5272346c58486b434e5a36454d6a314c543662353967656c454c325245465a4453466d47734765504e744953322f62316d52756274676c615163644741454b627136625034454f53304f6b4c62744a4c5930427a7a3058634b724566315650533952316f746f6d5266517377494450432b314a53686973456943524d5932586c4f735335717a64395843774d4b53784151334d6a697776754f364455423630657665747633716e5841705a58454c7475597877667a562f4e35526b442b6f55772f7343685343556c6644522f4b6373726537454a7363775433313150385a4947506d6c4a48584c51594e45327936326e38387a4f7632386e664d7063746b4a6c4a685345496b3658525530706d4b564d73347a4b524767536b78595765576e694c4c532f6274706f53776e6c424e3149495a354d675a4944685a6b52444f7158683966652b6852314c513679436e4f34384a6b79416c3652747363325a3534596c6570306e6447644a72666f376b4b6b56654b4d55536b4d69514b4b3868384b7958424c49746234386a5943684d345930543234454f426d424b4b594d764959626a5436334a77335353357847795055613959684f475870724b6175423367674979434a7643454268437a79782b55324d7439766b5053306d684c59736e67704b746175525a5471476e4f7955445a754e4a79384c4f67756b4c484e58577143574f633779417371324b75734342477948787930366962575646616a764b775547326f617362477847535a66533446716b725959335975465a747445526e59453477595530567631743131676756344c5744514a453771446c32624d67326c48554a67627874455468794a6c41522f4d5867484830646f62577643537a6948684f664754576c435253422f3976625276426f594d7a6d584149674b70743148665076636a37503654434b3154665a33597570494233634239652b31644230396465486969464d5544537a344454554c594d47796152697a344c75355056566a57684f4a744b634e6934466c6673776c4e426976577433747837626b7257636153392b6568756134422f51594e7870586e58737a3638465254314764674d663779367450637335474f5a74676d4f5a6e3270784367496e686c376e31304d7a426c5238474d3536646a786f505049464b5569306665664d4946756734587953756f596641686579747550534974695233716d454d4b4241543148644970485a365378496f52635667494b537153566256592f7534387650373750794d6a5265394d5a5a452b627267684b6875464f6973446a594e346e78677566664e5a7846586855546e55594d4c514d614a2f502f544c4472494f6c306e7436414530744f6d6f62453169585630394c434b4f756755476230333947515a5574516a62384d6448526d74474144663836786b4568785679335362566b6e70322f2f5a2b36793541674f2f5a4b586f6c594c474569646d43647a2b705264575742703647353037644637704673617a464d476c6f3277474f34335262767550324864596343654d504c456373776856756e54774e443743366a6f634f7747723355647a30743877416c48343945664d5372486a52527037554a4471474f63584b326d764c43455334384e6a6c415a4536415258356b6a646e575669787151714e4b5672694b41786f41686646784b65467a48456a4a7242657658424c7144365046426855774772415352663842414d47397366524a787a4a30343258536530507876782b495362494e756a63306b72734a6b47314e5a777a396d6a49434750556f574e7878614d33756a47377a6f4246587143573048444f4955636a5a6d7463314a307964597962634469756676414f31456b74334150516936783548685a39504c494e465a654e507836354b516368536f7841356436445167324332722b4a6d6a7342584b4b3947644e3576566868554d4b6c2f3377576d374e6b464959316a437772527443397652554e7a57687562554a42626a594b74426a2b3975514c324876383457685a7467352f752b4161444a5a43694c44334b70612b56474e49336a563955494a552f524130636443764c73632b352f2b3466596e3737534b4e337a4f6b32555733322f734169313045473031744458686c5a67554d7144686f2f34455933442b47397a2f2b6b766c4d564c766e415964514976625543447a765349414744666a4a78777a6a336e336b3259684a4b7a774f79554f624c69397161384479646c433341697a764e2f5256546c655334412b344f386d36416d6f48554249347353417836384e2f7657496c7470675774454145577274386a7575664f41354f33507459415642385875716172596c4f6e515267556842376a5271452b3536396c36636a4c6273364a70754972576e4e5152686845796b74425a575551626b485938656d6d44497548586369644365496961644e78493976764a6a507736646e6b434f3156415076502f7347336e763052665a45795a36456e57474b35316b6b6e4b69694b645343427a39364857336b6842455175724577536446773632456e49612b466e70686b58575432754552724e49723577525854452b71736c5052514c6246384445723869554b5175767a41786839625a2f47486755434e624666546d6b52444d6f6e537245786b61444c756e33516537415672454e4a702b55774e4e384479316b48714838394c665049454c54535a62636a5877697a4648416f6d414f71306f307151536772786f356c5077773730595875537a4c5733655947485854532f2f2b644f302b7341532f67444e6d61382b526c71326c53456e41544f6d6e6f417168744d6644786e425a496b4e554942626a64774c767751305243315063506e426f45564f343670783433695365454633595854543442466d6b53303250444154345364765a4b61725565536b44675773544b474a50656e6b4b545a656342694f5159735772414143577176516d4a2b7752693332784b784d2b455a6e72446e5959435537336f75524e305849454c484b6754675151762f574442444d4c6b6c6174727062545a435467685439703073374751447a3839354252624e3572517432526a4874654e503579354778317834496b363837457a494c746a5163536e6477716135582b44524b2b396b3951665775794c416357566657434a485668416d6952585a7752327a586b5a4c79484b6277424b39524562596c6e445849536368624a436e534b424a5a7a6170377a653333347136584c6e7751534e772f454f2f344c67535054744a4a617374635477393653784562426b2f6d2f453744443969623152757159655745594e6979516845564351414e48356468526350506855685751506858596a4a75365176542b2f5a59412b4f7a686d774c597a393557585935346f7a554c586753377878396e6d67774545345945494b4a4b484b46767165665435472f757a6162724b36757949762b7a2b485666784176513677534f65374e5157384d6e307562436d4d6959634f5256454a635a6b2b6857354865534b546f6a724872467a394b593670754a6b6b4d686f487a306b55554c5878342b4e474d4458426b772b76714735695962706f4b4952495645464970726756785743494732587a6e7a76446b5268594e693965434c4263734754477655695a70774e57313247346251394c424a34396e33444f76486c77416d46496f51776747494e45576b3375656b707846447a3977474e342b656c336d4972424732733569626230696d33425168762b38666c4d53457a50454c45734d613063534730797a6a7a34564e47514173424e6a39364b6b59667431576b6970757262634d50457332425a41527a306b306b342f61727a4f42346c506767535173464d5844547163415374494e7436776f514a6d50336542324b51556e6a654e42454d61416a6134694e6749346c726c72774231524a6c365a78627457316b7474703434496a5465656c4c48436d4a6541654b6845736676512f505833493930784f6d2f5032504d4d717077547a46735779516a754342412f766930346465776975332f7836522f6370773561752f525535474449377577416e4b574c6d7045527671363147555650477669576543524a504a427453686d67474b506a613856425978546730706e4c767966636935497174494138537072634e72453435434e426148716c72496b6730594579666a774e742b34355a4c654a3842483743324262653943724134647555414b316257597347535370694f6a6e4e4f32772f4e636543566d5a2f44496e56514e2b684e6e6c444873504663646e654b6369624b7752376c66584859364278496c6d6739547947676e392f316235684b424b79374b3947504a464b4a4a47363664674c4b73734b7762424d7a3374364952597558594d3952517a46736141464744737758413170327347706a49304a71414c4659694d5839777453517772596f7443377568376f376337396f6c674c73344771784668664c64586234506935673062504d6d547358636f54414b6749454d79435243716e37574a5135564674745444726f564c66784c463148617964676b654b6f4c6155776666452f4963744a313064312b7a764177597233763853395639374667485870685266697459396e3470376e372b7555494e4230344e4c394a734e32516a6a2b7168396a306a6b6e4d58654e505368467779395076676a7839625663534837576a646668715873663567616841684a6c6a4435685045362f38584a636539674a69467169772f566c4d783548754551772b396c766c6d7845444157504866516a4b4c624d35564f6b43665a2f6e383745666165634132313944514b51634d555837324264736861616f324e67666a624b387a505a3233726b7a4f757834765835614f6b44504c766d6651616b52745047334a58726f447345627a4c324e414e3465667950454c5a7337725a4d6e6942313446483646754353662f7746667a37674a46366d366f7146697a5a2f7642556c7a6e466138656145677843536d68414c577478477275792b616367647562384c67514c432f613137432f51367745705a4a6c352b3877736b6b7a4c364634567731474844386338506c714b69316b75466477344370337444587161514a58706c427a2b594d42786c4f55542b7043576a42564e5773476956686164652b51537778424b796637364e534e4443543838366e414f344e61306d62727233517951744859596a49554f70772b2f764f6f766a4c437658742b44476539376e646c4f6b6d736d4e48557754727a3332592b536f426e35363677756366436f757a6b467076304b55397974426162383852494979704969436a4b43436b4a506947423137676d6c78726e6e7a357a4e59326345497047414d4d674f577938786e3955774a4a34302b42625a44665853457830666465336a364d47425a6550587a317747355458694b72766446386234625437305374537333753872454e697a5678742f6d2f523147576867724a6f56782f71684a74436a43656664666a5a46483077536c4a5232524d6f4f34647238546f534749747043466b727869314b2b765a4b4b6d36385068726e656668355154524b6a56786938506d7949432b63575a754f4b66543771415a584d636174795176726767367a4449456d587652484b4146464131346c61357a334c786b6a665261445a6a574a385953764a6a4344734b716c75532b4f576749354368423644734e5141337a336f47363273615564485179765154416b4f79796a75547a6b4e5a6b776d4e3367393166755963685977416736504a313145444e755452773348364730384a37387237336e6c466f476a46676f6b6a6f4158625750417645584177377557614e492f5569793336734e58564172304f7346715363627a342b68653848447a68714c31516b43336a306166656778536d68717573462f4f4e6f30546b776e5363642b705978436944353035784372374f58325669327653464d485479646e54636673326879416772504f6d704c64575a4e3732496c4a516c4e4e59644130575a4f68363463544b787372423037526173624d6a436b302b39445674326f4f6b47776f454750502f77685a447346435a644d674e365175654f796f366b774c416f4a6959554f41334c676d326d384d587235304d6e626f596239324b6e544a497765393563534d476f43316843777463724a654b6c6f77513864632f54654f50356d6679463135516748494e694d684a556d75794f6a66762b2f67444b6878577a312b4942466e6c385a2b7a355134546c614c76794b6256762f2b746e3035456b3848536a586532414a55567779534d33594d6a3455574b794f7736652f3850545750626b327767344d766f504834674e7931667a3074694c47684a592f6d62683632687734687758664f7658663845584c38356b482f4d58383135435168564c7537415751423954775633376e634a4266345864586c64557a365579324936425378612b696a46446930484634306e6278727a714b76545a3249706e4a6c32416d4250434b592f636a4e714442694e6c6d6a425967492b57795259794652587a442f7778564c3433427857704675783977483749726d744466655547534c4a4f45515665596b36612b56666b4468737371435a626a53674c3836342f42396e4c586b63674549436d4a46443635456259735578336953785556503174617776304b7343697836397661734f4d39395a434e33576366736f59684758676a383876524e79686f446631677165595250656a78654e435759364b674a4c41786166764435557854765147704e2b2f753667652f3370764a5179543641517050487a444245436a35556f4b64393833473675627153754d427366533455684a374c744850713438633138344d736e74617068383859744d4b3644575864502f654261436974432b6b68776445383935476f36746f6f484130434564646f307a675a596a73383634716576343676567a5952492f77777655753441316139356349426946777835575a384479686b56557963535249795a787470425a5479373353325876776f47546b38414c62302b444569534f6d6c69716b53647a3773695449484e394a5755584b566875345970377273614959772f6b71425935474645706a4174472f7743534538427430783944724478585a41676c344f646a6a3057656e6533616e6d4a396e76417a67623559367436783845576b5a4d46414e32305a447831344d6d4b556c427555687a2f4f6577555a595257664c613947754e584349306563772f61684671366b683839656e4573314d4351547a7a54505a696430625830444b6a625859713868672f434c736b4f524661666e5576476a42532b68306d79477846326c4b56744b61677732346d2f4e7874726248324e4e65496e6965506c5a434e5132495754615549494f4a445546566157506d596b66722f3155664155553058306f66574e312f755a4b724470334b4f76694b35714f6b6a3976674b324a336f79697473426e61585548324c30477344786d2b36623652767a7a77797249304848476c4c46494a4851384f65317a554c457173364c64635549546954582b303335364271513973384a4a58486a716754796f525738625471446a70582b7677727a46577a694452493149663366376b567a6d382f476954586a68745956494f536f4d522b47325631546763654b45345a683678414459696f716633504173476c717a6f6469742b4f573178324376666a6d385a4f446d4237594267366970334756474545535a7a573552366c3942553575462b735a476c4258484f705957727264493450665a35352f444355574263417853494f624b4b58634d435149677a645a772f4e6766516a4c44444553386f715047466c7a6e4b4d4e53456e6839305274495348486d4742454a745756544d36343539694c49746f71535557576f57724b474f7847722b554538394f367a6b4b427a746d2f646b685634354c7a62344244597a4a34474d796f4b68304d704739636465686f4370726445645544384e6f70524f5135314d6c49514e3354637675515651526d565a4b694f6a476e5833496b74487937685a656a3036672f786a7a566649785449686c5a566836636d583835765a4d695242324c4e76455749744b53594a4d716570477a6769595a50554a47496f3634356a6c454665666a466f6164442f576f39624564446a574c69744c6e5059636a4155717972716b4e7a57354c39615573794d662b6b7935473975526d615a434e4538545543636c56466d46494e716f31415549656a53736735644638632b2b526a4c6a643461384469425a2f64686f717a383647535336624a365074344a57785a394d766b5a626766782b72577765785667455864596a62564e2b476648327943343652773774517861476731385069307a7a6b4d355a5669754947546276785274305246556a466d5741544837542b5976524261437649416b3251382f737063664c3361675733617349304548767a6c52435230344f643376734f544e5a6f56516d3139453243726c497645525763636a4d4e485a4f435a6d557677346a3958776c49434f475a6b474a65666535546f5073506b623163364141416741456c45515651546c34696a6c496b6b643450435935534c4531514c55586b6f36497130625a5531644277304e4452694f5456436a5756414a692b4c414b75622b6a7a796248357a3636503435422b7a716645565a44654c794371615470444c573637373430305963656877554364693875374f474830636f6c4957464375496c78644d782b6e376e514446647042434b78356250414f576f694e71536268382f4d6c41577753714c655052526138684b635535516644567632626a35562f3844684b42654579446c44515274566c30756a303231576f6d63644f53567842794a334a457462467659516e4f4c6a6b554a72324c43302f47754a2b657a41534735726c4c4d50506e392f4231784373562b766830372f5150567444424352382f69554f47444553574a65486e70654f526d564934693075657a78554c70694e533367667a56717a6c6a77755262386b75706d726836344f49396944695955524c4a654647696c387061684a61794947736d464256475a4e6e76776c6b39584674764c576e52503676597257692b6f4a632f6942743053495939746861794b43506a5139593231734b397972416f74523454554d536233367746705a6a3471656e6a55464469346e667662436f585a32676e51585662537a4c69305a6f75486a7133696a4b70425a616c4d345739414d437272742f2f322f55745956686d3154416e4d496a747832424b32365a6a69596c685036616a594d50337750507a6c6746326259515679546365644868794d325163644564303648624776494354586a696e6a4e4636792f5033614d4d46644573654d6c4b697977434c4c716f79424979373874747674433136514c39666c50314a717974574163374977764b6467434c5043796958353034386d516d58314a6967545a61494e4c567946505351776b382b2b6c3053493642594b754e6e7878364a69516e43466e5238637a6956334842714e4f344b7a50392f736e4672794d684e534e6779376a38344e4d41673951725a4477302f32576b6c43536f4c664f31683536437a4c6a6f72487a39693438787144393678755675557a4f3675675664746e48746768635273693145416a494f4739775843524d3450584e2f6a72555a6d6f567a5a7233494d6241564c3779424c78393658766a4c4842436e776d555278794f4d7a746937484c65382f6a42756e33416d6c50574e6772524b4158544a5244777a695074587659635056713644785555346f6c71413769334c4e4c426b346e6c387a785452497076494b744554674b78734661595a6836493461497645634d623844394d6937643073375778677a5438655250544e3637686d4d336e5132656837396c2f6142624e39443276626b4e567241497534556f5a6a6f616f756862632f574d4e71416565664e686f4e6351652f666d61422b4a713778623165346643323073735555377274676f4d52596d30527432615169556b53626e6e6f4c62547159646957436a325677746878685a692f7342624a52424e2b632f63507358446546767a6c483539783679387163626e37786d5078717a7666514b7375493556717755752f50593244776353694e376d74425547546a4e706d43772f2b396d5555462b6568754451624f646d3547447130464c47776a46684935656552725a53496d36527442466a5537485839686f3277794d4d4b5265466f455634533070497366564f5a325337682b4a452f5145694b7468646d303454334f5079475a4f4446785738534c78316e6a663042776e59476579415a5a524538504f50502b4e6d6f3033677472636b4f6373594f773757503334716772754c61673666794a4363517548666533324570704a63763452666a546f4b474d4851376855632b654256586a352b4d4443584d344d69566a7a49516c777863392b6d4c69436b3278677a74682f575639646a536e4d4366396a744431415571466b372f35472b3872503733727835456373616e334a5344694b6e456b784b4d4d6f6b54743046615a7170554443314273304a6f56596e68626b495a6b494f625033304e483635647a33574c33462b5233354667655131704d76446844383458586858706a52467a586a4552444e6c514e424f614b6945554d444875726a75526379786c5138577a746f2b68396d79684b4376362f4b726836472f58515545624d753963417353476931666868363632353244314875496f7066674e697a777348572b2f33786d773776334c51724630344361646e59736a4f692b7850484179384d4156343245775434676466445979426431766675527474424267555372634970363141555650345a36626a6b4a4d7454427a5953332b4e76304c5677624c526d36656975704b616d34425048486638636a696b684e6957744753533367346b714e692f706f4758486e4844493770364462564f715a455a704249715352786b72527879566c373437495452335a4a476b68592b745658714739756770535641345269734654537078644c6e6654353453334557746333346349544c2b5959337043685137466d78536f7548784753684541304a346870372f77644a2b393749676532465332464a2b5a5175557772626a766852695133626d594f56474f71435539392b5338304e385a783538537a4744683042626a72303564454e594769346466486e497455545374304b346d43595150517571715379313149785a504f6f634a47716b4443433676656778505838666e4753706973774244416e2f63374131484c687170594f506e6a76774b4245463438386778454732336d674648776d336858464c2b434c417067694870413536563352752b374d6544674478732f7873615569633833454a5643526f724154614b3359434d6a464d62496b6a7938652b2f6a61486e6b426369794255317a324c4e534e524f71526b316c54576842453771713434667a567159467a46306541372f476a6b544f3068763252476c69476153416871702b42324c4956652b7a576766567234716254452f362b4169576a6d433978734d6934434841716b344472504e4f48593347704950622f7a4448425378765947306a702b7a4b6a6d51455464783579524863424a564c5a6b543069485751626e37776662526151646732316174525a32556435352b795030594f6f7269526754666e627347304e373645545978744c734b3275527a6e3942504b636349686734576e354a446649494c45504c5563344c6c2f663462665037384973685242696e5330434f456b30744f694568455a68706e4372322f61483065504b6573304f65676169785974596b3657476332415134436c614178595861566d504c70697741376a68324f4f5264534a636f7a464e676b6952457949512b32536a54483737344d463835614147747566653838314748587367514253794c4a697548432f347846307774426c452f642f38437a4d594253336a7a755a765335443033444870394e59576f616f4762654e4f5145684a34714162544b5963456b4f4d617263476d793631764d72583045714c78656672317650447131466652726c414234665051575a69674a46746a42317a6774515a413354397075436b42506b4c4a35437643686576676e70462b61565352615452416e6b7233727665655474585970567a573359324e7147654a7a4b6959516e46704156444d2f4c515275497a4c734f6d3337315277512f57415248635a44496a654377793336455659383969704269754d426c4933544d4433484137512b77522b5a2b77744c714157695a44437937395741554e3377425757314457383551464e33326c6275504b2b44596a6b3965644649734550334e645542376a5551793161445a467172726b336a372f64554d444f65644f675a4e53527533504459506a6d5330542b43756361794f77445a6c71527763636343654f4f6e675174697936464e4963526d715a544e6b433763392b42466154526b477064564e42514e4c4856783835714643546c6e534d65506a4b767839356e4b6d496e43327a395252334365432b3636624342553674342b6e31447037624f3767395261655649684c4a544d4d6c445a6c49573345347861616d704c346375553648444e754b4349524e37585a446c73793573795a41793055516a49596852534b774645706c695357663931524f494b57686a2f632b52672b6e76345250786572706e6f666671367a644a6c6e456f57355466787034527577694a624259744571376a6e706373545831634e5164475474555979626e2f6b44626831334d6c5462674a4b646852732b6545596f744d4c424c773834425a6d706f476a735155524d4f6b4e32446870727479425845344a34307a613967316b627172693976636d6b574d71574276476e66582b4d4b4a634e36546a6e3037396a394f422b75473345435643724578795449754970675a4f516b534735476b7030574f7846685779675a4d6f45375065724b374370725257474a597174633755517867374d782b4b4e6461684e706b434a476c434763504b46474e536367716f4269716f7a47566854577841495341687156497a6f344e44336c7a4c686c6a687559684e46524d79356b32537376656359354732614455644e49523551305066754f6b41696856693362724d396b74725a372f584271734d43766362446f6a565930685a42647746594e674e5751384c452f2f31324c674d57736332357a3644484150636f4470536d6c346e763541426d43722b34394841555a744a5549443455545671754f6d535034762f756e51586443554358444154734a6a787779346d4153654a38394a585538637037465a6a2b33686f474c4f4a3942637836505047624d7945626c6c4234494e61434739735837477033364c4e2b764a426f4a76472b6a755957516b6e437261594462437252465a755178354577642b3563614e544d4e5a4974536e4e6f655553463255525a36495a7a52704d73716d586a354432506869595275446e634552345554436565477466704562314d787a6d3358496f445468335062644163356c773579457071754f54677156416f4a756a6f654f437a643348546d424d45594f566b34396f506e6d712f773465505052644f6a6337324733583847447a386c2f737859653866514e33537850514757725a652b396b304a457762556374433259422b584d69386573304750485877325677393043516c4d6131354c6f50547255656668345a357139683749326f455a516546694b494e54564b514d57355031432f366975382f364d6a4950667434444c31304b73656b7870583252555a51777277564e6169317964755347587a793438315965754a504556454d4b4b71466f4b627a5570434169355176676b4767735538574a6b313748346f573547754c71426c7435446e5a575062515753696f2b447369736f4e344b497a63752b705a42594f33646e7a79337266765557304c70487356594b55636f6a556b4f674e576d346b624835306c4e4a616f41334f6e546a636437726a4765547352345033316459637761353258564735676c374b456a6d7a69366e746d775a61434d4b306d2f4f726d5363696737732f7464414d48723779336867474c3343654470457a754f4134784b516c4a43764b31526379734d7a65617674506b475841586151496143713454674c6f4c4e514955496d31534761457478487662415973384d764b775a4f704f484d3242484936793541794c4562727337363644672f6856744a43363973547a304668426d5451624a3032656a426d76764d594b5534546e704643674949556e35372f4a73527461446850426b2b35526334444c3970324d474752574d376a7132542f676e724f765141774f576749616270333748445462516e35574267364b786a43782b41674745454e4b3449315662324871344f50352b596939626a6732726c2f34456770796f7868636d494e6c472b75787672555a476130576e70747741594e703856456a634f657276324f503949344a4636426830556f2b6e6a78446a6436506d2f464e776349446a624e775257777343734d5a496a746f4f3467646577416d50337762724a4343727973624f616a4f6b557a48674b3470714c6a3846685373574d626546416661745251437167365a346c65616a4a4469594e6866586b646d3257416859736965717867764b567648686b656e6f6d5464503967376f35734d336c30424b31684d2b715175563876336f5870716756344457415145564564593035447174435373617a4e7777304f664d444751717a686356553132364631744b4270386c4c5553394145646a39383669626c472f482f74674355784a65436d6839364261557534374c776a555a77705042695042552f37762f7265616b782f627930736b6a45355978774f474a344a677a4a50486b58423556756c74364e584178704f7650423568484c694b4d374978714342413142636c496339687063694b796f6a6f44694942685249466c464c4f3253486163496f696f5a5a73325a424973444b794245384c5061776948765530594536666342346742564f414f6366644b4949636b4e476e357763704f706265546c4e543559374d412b33762f49344c446e4635466d4b44776b705077664c336c6d414636352f454c4b6b514975456f53634e467268726b307a3837764f584d616f7348786c75366e48436f4f4d67317a5478424334624e5151624671396d786a6a5641746f68423639556663413875666557723464754756426c42624e752f4132327650636c5a4e76426e5238396837777866526d777268783545744d56574a335631537a54584f38306f6470346f4f34547a507436413659646552594b53496d4236695156423971345054446c7463667735647061424745684a7a4d4c7761694739545656714a35304a767077634e31474b474168474e41686b3763564d4b476f4b6d7a567763482f58414c49784b4f794f415a474a6571476b634c617577354165663179574d454546465743664e55434b41566a4f73555a2f645267542b477146386e4c634e445a4d7247705065687534507970593144625a75506e393733503035775a335a7a4c4670364f376571744d31525252744142536a4a4e50487a4e44786e574846754141354548765270456f694b5153715a6a306c45646d5437766c63514e46624d58723861717465747730576b5475416b464c58324968456d784b664b79756d374e4b526b6e582f6f7954464a746b4d4142646972526761584274417759696f3242665a72783673506e77585435574e343536446e497738724c793064702b554373724e67414e527842566e34683174585562364e325569784a71447a6e76416d6e5147306b7952514e687835774142624d576367634e737071336650715977695546334f4d682f7939644d395143596478342f446a454a42492b35506965315338513747394a4435702b34534c68636d653541387557726b4a7434382b415a59533461776e2f593445394968412b714f627a38584536383743676d58563043554a65524667332f37466d4e706e48504c734d48544a77684e62506f4963704a776563476e5a55596a56473879414634416c414652544656513743567a36326576596b4e49524d6d7938663879357947314c77694a70665556463235426958506275633178452f75485871354355466551364b5777383454516f51526e686f4957516d6b4934515071474f69544668714a4969457a2b4d6661383445356543744c4879615143364f51475646302f446c6e7946745a43744751467365732f41506f6379466c67756c667876783165664d2b6e62652f6473396434574178594e69304a79634d69576f4f423830386267376f32427866662f6a616755567947434952694d4643776c52646e464978314e592f6f612f7a443855573438506778504c4759656b412f476244594a2b7451416e554445365a4c766b7750354876384a79486d5234307336457a43342b6c4f6b726d7951634c464e2f774a7257595175716c424a7849586552444546364b6773324e687775676333486639555a41347739697832616146525a393968754b535968546e46794353455547644c5748706d6f3077534747303238324e766b67793476567833444478544a59324a6d36593468425a6c7051705450782b7758516b464d72325565784b50457637356b68343938486e734f4435743967374e5755716f705a67576d32596c5a7a4e653962724f6a35627578626a6877354430396f616e4474364b6f4e457a4251784d38744a34596d4b6a37476f71706f42592f5341496852704d74624f585946376a7a3648377957564c6548783952384b3454784a7773384754554a3453344c2f664e7a396c325078737a4e522f2f56714247516257374b444f504b4e502f4c397842514a68355758346f475278304f7062554b59534c474b42485649662f7a3033622f6730383356474a5258677643364e66686b79673942526163427a55465970535568426642546b496d6770696b594f32304a45417744556f547675654a504679433637435745315254726f546d6b3433586a353341796834746d4a653579735773443364344c517a312f386c3446574a31355741624f4f3355664e43516c584844624f36794f774f556d586f6c4c6834526f653563596d735a2f754f566f394d7357594d454178396768684f3449504252463557796b516d42455a545464306d6734336366654557655371483059776438324143744161587733633067645855785a35356957625166526c704a52337871487243625250794f6a5852545047774b5759654b7270557552583143416f767838424349687a466d3241556c5a363651507636306851365576312b34334262596534457962516b4634323451686d3368732f7174496175527469624b573949324335544537697638373846536f31507943752f47516d564a34742f556a4c4679334369565a2b536a4b79654c6177336457724d4537393037443270662b4c5352685a4f446532612f694b37554e5a546c5a474630554930634f57316173786455485445576d51366b4f344c66316377434e6970784534754f5338714f51325767792b442f59384147754b70364158454e4278444c51637542513750656258794133484d4b596667577355556a6e654f61496e38425976494c424a364146454a3679503035372b4735736249716a38634e2f592f4d767230647230454a2b6351366b707333514641754b536b74436f44553767674f6658673748714d472f623532436b59324c454356706d354249666d777132782f6c50364d6c4c583149424c2f4f70796e30484b433637746c7241497338462f4b614b6876536775355439304a54496f41704e37344e6d5a633162714d485259692f7058734d504d7773473950766d775346327154772f4251716b35546d4a79333432782f384744706c365253645061584d7a4267476c325768704b67494a595639554a49585249676f526937484b4d4e4d774f52364e5a6b44384d784e6f73413652584e6356303951477a7a55457a2b704b617658396b4b4148415750365859387a552f764e64746f53375268772f4b564b43776f52454668587a6a524d44355a746c4573534f53746855383665576675386e4c3557335078352b7366456630704b4c4d6f3239434746754b65762f32657756506f4e6767507979497653724a517249617752316b5254686b324358716c776645746f686b59696f6d48467a364c4d594d4859555639453271616d2b456b5570414441657856566f7166444a71495143307831435545364b4530576d796144435463717373694c536f7179485a7778617550597441526f3975686b717a7a382f314f524d3779466953734a4536352f77613864665039626e44625270387a6a38455a6a393743586f2f345a49694e2f767a58536564422b6d494663552f6861424c4b372f773552703979417235343876646f66654a52534e6b4279486f6249674548675941424b4459303259595569304a7a6b6767456d784253624e614e6c304d474e76666442344f762b4141495a49677274445064643336792b6b66326f68695749476d617147704d6f7a56346748584457307861354a594e464a436d44424e4e516e64456335306578624f4d424636392f7a696f43736e446947574c554369315556466e3472645066385971707052423077324b4c3856684f30516970536d6e30446f546a6d55696e69527047614a4870706a306d4a73565262392b4d5a515079455866766e3351747a41506554484a46512f3149683430584156316b2f4f4c724435416a53756f4537554154766f3372796d44474e77324e6d3275527475574f75546e35534d767278693171525357626d37744557433164365a424546654d496f45396f677151364b6d4e7361662f41464f752b676b636d627772756963527a7775594273594f4c5764765a6536795a526a666478416d46683474596c614b696276656542726a78772f4372496f74534d5662576643674d447348512f706c4d2f43304e566e346162386a75644f4d784a51523872594537307454464b684554374553654b4a794668536d6c6e52457a6d696671726c4c3866697835794f68714969596f6a5348336a33746566574b6d55414241596a4c4b327376484b646b7234306e526836426243504267665734436b785a4d68754c6676384832483937474772416755622f4b545a6b4c516c46735241494f454b6658565552434362597932774a394d47416d392b43306d6450706f2b3053303737355056646772653979735071436c6a6e5439304c6a636b41547233754c55694b694d4e51566f745a3450543164506c592f464f524d61435067516576506849424f6341546a597069334f495a7a506d3847692b3976596131784c6b7a446a577a7347326b544e4769693777717935545a79365059465a576d554d7165596d53305039635757685a306e57493342456b4f444e4f43535546354b5936514b69455744574e412f3734345948675765327a46686653544e4d4f465567443148307a7677454a4175574839577251314e714730627a2f6b3578626971357061314f673059636e443267616a337831615249696c6a645367727468334373753630484c7773666c766f4a34306a784748356d6977434c527343775552446675556c5443347a463232466d4d486c794569532f6a4a6b57646a2b62783175504a50393244595558736a5963565232397a4d54575432477a594949644c30417243675968305363524e44732f4c5238766b4b765037345837487777303941516a6630446f365a4d686e6e336e734e6c4a78416538396172303868303851347377733863765a31754f692b4f2f476245524f67576a6161516a4c6b6b6d7a632f646d62484b5073796e49696f4b51332b6457616c566877374a6b6f43696167716735473350397268484f6a57483756475969714475534167315249516b51316f415a53734d6b54443461675a5763693638446a6b4876554255426b443444554e4e6737546275534431672b594f324942636a376f4b42376458306362373950326b6370584844614b44516d565a78362f5674632f304a65416e334c4b57314f7978645234532b306d5769476e50574467546a3573464a42314f7a535a6f7443587177506c624c52314a7245386c56727357724e576c54565a334e622b7061574a47773548796b57774b5142335161447546695778504c456c415177625231476b764b4d727561565451424839793259574161566d396d3063425364654c67366835714174695877336c4e6e497a64474858394577545376514377625879356544457557554435674d4349354f566859735a457a6b73796d2f3859794e6247446d584a777738476e4965424937506e63756542565871595a30424630464751714e76595a576f6f774632324c706876634139414232674238766d596a77733174734c4e4b554a327335546f38545a467755486b5a7a2b74566d787578656c4d5677734567686863556f32394f684f382f765646592b6f724b2b7a4e7a3574772b6741514e686953686f72454671796f336337526f2f4e42796f645351336e61356d32656d38356d476759527449645a636a356c48483431674f4946455268352b384e5a736f4b3146424e55563471433536633332774c6e4c4833614c7054754e53572f5844754a37787870305277617676322b374258714e683057445732636546735777434c4353754f433030576769774c72684c64626e686b4f7846757161544b416c52686c6c4145565a696f4a6658333859427564536c4a30796571344f6c517463584b4c44537744653277552f7437456f6c653549426b784a59314a68536763535352743172536d73584632464a563957596558364b7453334a4a4179564a6845633442584930685a514f7234624d456b6271734c574c776b4a424b3159794756536d4c4f33793545524b626c61416467455867736d72384167584149536a51446a55534a6b4b6a4f6a70354a6c4f62305a4a4e6b425a654d4f51364f6f2b443168624e5135545177623431496d534e4b3839452f466d594370394154637864706a6f79566a584773717471495930594d78656f32433673717477425741715846685269654757486c672b57314456685657344f52417761695834684b6c64332b716a73516d7559365554695938395536574d4577796b75795552344e413053775a5a307972577359734e764839764a337963554c38645a6c5a3250434862636a3434695447663035732b7646434e49443535376e314e5755585a33586e706d364a362b6a562b2f547177444c5946714435324631413168456b575346545349744370594d2f5a6e69563051366665505878794c416f6e714345532f5930474a6b436758516a67575a61486e516f52784a784570612b7256375a6d6e4c42517173633553475a5a70464e6f3136524a416f6155757a68627145695256724e6d50522f4b2b78616c55314e7159634e42434230314a673243535437474452617863417963525763727a7a35383644476f724344476b77413145594b7057446b49787852776e53396d5941423666645a2b4f69624965345944724349515548444f7a4c6758464f554c415a524453626e6e78646254315762577043566b4566586a725662576d445a6c6b345a46674a363537543932463155794d71716d7152487774693749442b505a2b494c686977584449634a4f4e7868434a52664657784555503739304f30665357322f6154433168635542337048746251324969755779652b6d7269324668657658515464534f477276765a6e4e6e34373333695733596c6135393971755a4e767a702f5433374d5943765161774f706a754648515848745a50543973627a556b4e5532365979584f4e694b5055784a4d3242697a754745786c4c424c4353684f657533307966325470377832415a614d4e4b683737383279456f776f47392b2b44666e324a5170434a634269496b4a766a62705a74754f6f4f564e2f6d466279536c416c487a39703943767162615050416a645a6857555a3774497a707146772b4a50596e5434394f705a4c43615271507a46743766445237466f4c52444a69552f67706c774659704974547a4a676643587853613965526c6b4872437145456c7941745159544a745872355337456c4c774958724e6b4652516d6871533643307442444e64585851645230484475724c4535326f487057744f723761554947696e417a73585654456d756b39547665376e4463696853534d464c5a73336f7969346d4a6f6969696745675348644f6a70366477585437536c766736787a437973623071697171594765773464694e6e4c313150434576734f374939432b6f4e4c7664676d39584e3734554866322b727043396c7176313444574d526554396e45644366696144706771546a3578706c63577963415337674c42466745636752596c476b6132672b3439394b4a7a46366e4f496258516f74416f733155634d66447332435359674e44697732544f396f4559446d6b774f42415435452b755936735742525a57574555396f6c692b4b4143444f79666a5668455254436b43732f44466f44454b31543248366a6b5458522b6f53554c65313855724b646d72737a6b7069495a416c4468395858645070343143334a474a70786746457141744c424563346b65424c4453546d5778584575324673422b41307559506335787662534a523364486d6441506c697844496853463749686961434b5a44696e4d77364463434d65336149497662366848513330535938704c4b4a6e594b566256343546734f366a63584950386f6b4c7833467a62534c625979664f6c585468706d5377474f4866355273524e42785a78394967725a357359554e69486c55387a4e51556c32624632443576746b623735674e586a56376b6a4f2f597177474c46555a61583252356743664d52595046586c4c76343270683856416c2b644d514949574b58426c6a456d3170644763646a30785a7a726f6c61623948536b414c6c516a52515a416c4a526b5a307478467364674968696e735234466c4d574156534b594e464152335452453559526b6c4a4876723279384b6773694c73505467626d64455141707147694a7a6b624b626a61427a446f71374d6c753135504232766e2b4a64732b664f6852544c41454a5253466f4d746b72436454536265713449514e633465456770737433657170315a59514934472f5555366c71535746505842703151315352674e3344496f444a753242414d434f49444d64764c532f6f694e7841512f6d4d5034326a664e4b69396a6b626674463950666b2f3375625a7949315933475568535270686a6d494b2b34524742365a6e324b533969326b584e6c6b30595846724731416c2f2b323474304b734169344c753159336239724349452b5847326a73426c696f42762f76466b53674a436633327a6f416c6f623475686355726172423233536173726d786c67546b4b6c4c6647553543444763794170375a69724752705565436341756c4a4f4c6277346f6a4f514b783579775358793143577a585353444870553953735a52483149776e42434d4179446a3657346b556c384c694a4954696a484e55566a49416f414141306953555242564263663236576756705158555974364437426b4c51704859564868725251684f67387a4c7a2f6e4e62386749716945665965564d6d414c525371677271455275546e5a2b48546452693639305a4d793474777a55634c67507353716c324532316d4e6753514570665748686c3074777746366a4f513749687161757341785933594f6e522f596c6e684e7439665831794d30567262432b793433676e4a357877355a36664c3235455a5963344177774c63655a4f73455a51664b384c657a544e77386c736134794d642f6c33665875632f636177434a7668344369716a336f727273784c466f5343716137304f756d5944526c4351565a6c43614e5a6a74343775366a455758524f624575362b69717a502f417643794b3778426c5144526f45513157545572763230426a69345556565331597637454736396476784c714b526d7a5946456367484f584f7768535049584536346d7152413651374356483659775667324d53414a383457305277493148544f454a496d756d5870754f436b506648544b6674734256694759654c5442664d6852324b7777356d517452416b4b737832715a37624776713073434b7851476f5747795436776542536349745031375553484445446d6872415a315631554e6f4d70434968314455334d5964676345454f4e6c5457594f434149677a49434b49684755646461794d473578654c2f6f4270456a37667444684e7236314d563744594c645057415a4941336c68654163304f75654171534b79733143465a794938432b6345672b75626c6359394c507a7a313362365a586756596c6b6b656c6b647236414373553235346d326b4472486a70637138346873554678673669696f556e376a34614756774954524e5846437254356b306f6a6a576c525959385354324b363752725846484157645451754634463861626f6930334263345570437730744f716f334e75447244545659566c474e3965736155566e567a4c7970684579656c675a754b7333615854596377385a3956782b4443574f4c3270746f65454d6d6c5572683034554c6f6355795959637a4948507a4363464c39345364757734766669724a516859706235626c493077467762775467625567744a6f36435a2f4b575044566370514f47496976313164416c31586b5a6565674e5a3541504248482f73504c6b616c49574c356850516158396b664d6c587670704266597a657875616d70434c425954696866636f7177424f546b356272737a77593362665a766f4f456d4a6a66705741312b74577739546c68454d42464261556f79612b6d6f4d3756754d5431657552714557777069426c4f6e63466752766a7a6d3676642f784b457437354f33784a37717a7a662f577362304b73476a7056566d5877447366726d474a33764e504a523657684b6b3376736e384a536f52704f4137665361447846656968672b774d536766655043614356512b4a726230474259724e477837504b5548776b564456414556744b54774f467369355330615944447753554a726935596844696b71734a774c535a6e4976467873536b6777444b43717367374c566c626934454f476f53424c5a584274357969366b33335a6968584d77624a4345636971364a626a35663236546e7861386752564136503639304e686d4a5a4259714d4541506d4c564477656f4737544472447779362b77313467396f636b53466d2b6f513232626a70427349326a7047444f386e45474f6c71316372736967764c583334594538452b37646565375a674d565875655a53504a454166644771613364743371573854347a706864784569304e686136394d3050336462727939335757472f35727269486e546e5a374a6638307437726f62386549684658564a7650765263695a356e6e764b6144516e6764502f37312f4d4c524b4a4c384650306843455973744961544c4f4f6d3449666e5249582f613461444f39586f54753758566e51712f7853587166514c3448463931497a63446236492b69504d51444c6671646b4348324a7176584b46584d45592f344a445153544771306d756264655a6e46367570715647375943436b636752324f415771594e65465a71464143644c644d68544b546d6d52672f30476c7941697148447a324d4a69313169566763333044386e4a7a6b4b4c5349696749534a51394d3148565975434c796e712b707a456c2b656958475741415a357a714d6e7539753934614b4e7437706e4c474c32366b4549714564694174734f76475366715a327348662f636476386c2b364f356266583566623235365035474a6778396a776a2b316b67563448574f767243624357515a4a552f4f535530653142355059765a7274354f6e6842354e2b6f615278454472796d6d62453777504c4b394552786441667774414e576c3446493261664f656c6764576c56382f6d326b79626e6b714a7466456c43755862734f6d32727249424e5968634e77464e4a7363727344536e51636f456f47437149426a436b745a6b6e6954696a446c78565a5463584e6d744978587542395a634d57724b787152463467684c47442b7a4e74675367585875616970387333426c6a4c3568686566564d6a436e5037374f616c333363446550355a64373046656831675664596c4d664f545a61537168764f6e374330386d445337706e39566861644346416344697430686a4e635650394942797a755864783779522f6972795653713767583636506465416134414a2b46686552763754326b336d6636464a734479537241376665456c4363752b2f68714e38546873616a7752444d456d4434764b637668637850577973466435416670467732346757616a4565356379545a325643447179654d4b506f317247685375726d4b4d30614541666c455243444662737371666461453842692b4a69314463784767346a71675839775057756e2b662f4d326673645943317154614a747a355a44744d4a63466f3966616e5639613179457977376a6e4e2b644241766b7a79676f4c694d31344b4c3142613657777149344c57376650534559644b57684632506f66335a4733504270414f30424f2b64662b393561756b4862775743416d3449397859735741425455574348497042435952684b6942306f6f6857454a4173483746474f4543756564746673712f7378337162626d4c396946624a694d6577356f4d533169794336386e5854304c536e6745584a41654b586b617950762f6b57324a3446656831674e54516c384e3773356243644345764b4547584163776f345935646d4c61496d614443526e3645684a7a75412f5078385a47646e49524149516c564661513333725775503133534f547443354f43376c4271343568725774745a31586a306a644672794e62305a34504e7543317132394e75384a4647342b49596643734d4d5258684a4b434c476351762b634750596f796b306a4f6d362f356f356f4470517032316862697a5662746d446b6b4d484930616737633571787669486137484733746f7266654253487443436335374832465044384b6435374c4e4272414974654b644547644b4d564b5631484d696c345759494b4b4e5a733652334378615252754347466f52746f626d6c42577a794f5a434c4258436a4c4e7048536b7769467767674767357836702f2f7938764a34475a5665464e3052774f3441724b32443648522f336a3234303170774b4e692f3667785961514637317472614f7342462f7a526e397165515169485934534473634251525238506f505159675735576f74334b617150453346516e4c574c313250554b35326569586c536e366448536a4b37573961554f31684946417a376e672f31482b56652b5a2f392b374a2b3156674357384563454146356f68394c2f6574312f49794b513751454a3454385364694238556a38645a745a546279384e4267745152624a765a3538785935314962597135547559316769524d4978574a52354f5431595a5a324d42794770716d69635957627271647a744464764a56664757337936416e6f43734c715075347637367835775a732b617a344346614269426949614a65777a6e4f6b436950346a414f50742b337a686f44634f43526b562f2f755a6234443973675634465742375a7036644c6a76546c6c6741716b77484b5577306c6f4b4c2f504f424a4a70507476366657353770756f43326c49365762724a424a484b7155547070625642544d49583357335970476f377a637a4d334f525451613433694f3651496533344d624d4775506d36554e6d713042537741655164697357624f68686a4e516b702b504555504b5251655862756747337a5147365a6b396750326d666633662b7862344c6933514b77467252777a71675a734858756c786c5852416f795750782f5869396c3232684b527434624f4b6a6141536d614371385a4a78383659716c684f6d3246694d346b724577614c6151704a4e4e6f5533523842496a48756d675570414c4278445155452b4972454d52474e5277514d6a6a536f33754535537a4f30627437656e5a4145775a2b3438464261586f4b7876502b526b52466e7030393938433379664c64444c414f7537663158745330454747786b56395933735a5356744234324e44527a37476c6b3245474762764377544b6338726335556436506845536d665a6d4c5a6b33465737464d48397045376b566f6d6c6e756e76564c35436636656c5a6d5a6d4a694c524b4d6654534e4f4c2b68457558626f4d52555646347665784b4d76582b4a747667652b7a42587a41327356764c7930437851584e537a63315957506a5a71517347526c4f456766744e594a463746544868473236656c6375335947384c476f365163306e6948314f42635a4d79374a4d426968576169425a47716f394a4155497730513854704a35496d42504778647475394c4f6b5567454f526e5a374e6d46773045716766513333774c6661777634674c574c5831383759446c4178655a61664c326c445a5a714955655673642f674d72653343774757364b784461304b4f5a6c47416e7539467145556f4c444644533076714f64685a6a746d676d426a334a7851337a38653679305150754279545044415a6d716f69456f35414466727277563338717633542f516373344150576638446f3339556c5065424c4c3639684b5a51304f5a66763674722b6558304c3741344c2b49433147367963766b7a384c69394858745a586c525559554e495047645348505932642f313165317a2b33623448645a51456673486158705866446454684c36556f6b2b417641335742772f784b373351492b594f31326b2f7358394333675732426e4c654144317335617a6a2f4f743442766764317541522b776472764a2f51763646764174734c4d57384146725a79336e482b6462774c664162726541443169373365542b4258304c2b42625957517634674c577a6c764f50387933675732433357384148724e317563762b4376675638432b797342587a41326c6e4c2b63663546764174734e737434415057626a6535663048664172344664745943506d4474724f58383433774c2b42625937526277415775336d39792f6f4738423377493761774566734862576376357876675638432b7832432f69417464744e376c2f5174344276675a3231674139594f3273352f7a6a664172344664727346664d4461375362334c2b6862774c66417a6c724142367964745a782f6e47384233774b3733514c66433844364e684b2f327a7657367a797a323633755839433367472b426e624c41667a31676557327a71466466694c6f5964374d524b4b56534b5735783566554e704f4e61576c7034627a71575773696e677866314561534e397463306261654d35782f6b57384333774f363177483831594248414a42494a454c685163314c717235652b5564737241694d43484f725235774751423149654b4246345a57526b64414973722b30386e5a64362b766d646a58667677504f76356c74675a797a775877315939454464745a5833504b58362b6e706b5a5757316731573641636a6a3874724930372f4859724774757363304e5458783864396d79626b7a52766550385333675732446e4c50426644316a6265367a75774f7962396b39764e62397a4a764f5038693367572b412f5a5948764e574474714e4638543270484c65627637317667763873432f772f4d582b54772f543153684141414141424a52553545726b4a6767673d3d, '2021-02-08 07:56:14');

-- --------------------------------------------------------

--
-- Table structure for table `li_normal_posts`
--

CREATE TABLE `li_normal_posts` (
  `np_id` int(11) NOT NULL,
  `class_id` int(11) DEFAULT NULL COMMENT 'reference from class table, null if posted from homepage',
  `p_content` longtext CHARACTER SET utf8mb4 COLLATE utf8mb4_bin NOT NULL COMMENT 'post content ..  Atachments and such' CHECK (json_valid(`p_content`))
) ENGINE=InnoDB DEFAULT CHARSET=utf8mb4;

-- --------------------------------------------------------

--
-- Table structure for table `li_posts`
--

CREATE TABLE `li_posts` (
  `p_id` int(11) NOT NULL COMMENT 'Primary key',
  `user_id` int(11) NOT NULL COMMENT 'Foreign key from users table',
  `post_info_ref_id` int(11) NOT NULL COMMENT 'Reference from either normal_post table or tasks table',
  `post_ref_type` tinyint(4) NOT NULL COMMENT '0 = normal post,  1 = tasks',
  `spa_id` int(11) NOT NULL COMMENT 'FK from settings_post_availability',
  `timestamp_created` timestamp NOT NULL DEFAULT current_timestamp(),
  `timestamp_lastupdate` timestamp NOT NULL DEFAULT current_timestamp() ON UPDATE current_timestamp()
) ENGINE=InnoDB DEFAULT CHARSET=utf8mb4;

--
-- Dumping data for table `li_posts`
--

INSERT INTO `li_posts` (`p_id`, `user_id`, `post_info_ref_id`, `post_ref_type`, `spa_id`, `timestamp_created`, `timestamp_lastupdate`) VALUES
(229, 109, 107, 1, 0, '2021-02-07 21:22:28', '2021-02-07 21:22:28'),
(230, 109, 108, 1, 0, '2021-02-07 23:37:55', '2021-02-07 23:37:55'),
(231, 109, 109, 1, 0, '2021-02-07 23:40:51', '2021-02-07 23:40:51'),
(232, 109, 110, 1, 0, '2021-02-08 01:51:53', '2021-02-08 01:51:53'),
(233, 109, 111, 1, 0, '2021-02-08 02:42:53', '2021-02-08 02:42:53'),
(234, 109, 112, 1, 0, '2021-02-08 02:48:28', '2021-02-08 02:48:28'),
(235, 169, 113, 1, 0, '2021-02-08 07:38:52', '2021-02-08 07:38:52'),
(236, 169, 114, 1, 0, '2021-02-08 07:46:40', '2021-02-08 07:46:40'),
(237, 174, 115, 1, 0, '2021-02-08 09:06:01', '2021-02-08 09:06:01'),
(238, 174, 116, 1, 0, '2021-02-08 09:06:22', '2021-02-08 09:06:22'),
(239, 175, 117, 1, 0, '2021-02-08 09:07:54', '2021-02-08 09:07:54'),
(240, 175, 118, 1, 0, '2021-02-08 09:09:24', '2021-02-08 09:09:24'),
(241, 175, 119, 1, 0, '2021-02-08 09:10:52', '2021-02-08 09:10:52'),
(242, 174, 120, 1, 0, '2021-02-08 09:12:49', '2021-02-08 09:12:49'),
(243, 174, 121, 1, 0, '2021-02-08 09:14:30', '2021-02-08 09:14:30');

--
-- Triggers `li_posts`
--
DELIMITER $$
CREATE TRIGGER `Delete normalpost and tasks` AFTER DELETE ON `li_posts` FOR EACH ROW BEGIN

DELETE from li_normal_posts where li_normal_posts.np_id = old.post_info_ref_id AND old.post_ref_type = 0;

DELETE from li_tasks where li_tasks.tsk_id = old.post_info_ref_id AND old.post_ref_type = 1;

END
$$
DELIMITER ;

-- --------------------------------------------------------

--
-- Table structure for table `li_post_comments`
--

CREATE TABLE `li_post_comments` (
  `c_id` int(11) NOT NULL,
  `p_id` int(11) NOT NULL COMMENT 'foreign key from Post ID',
  `c_parent_comment` int(11) NOT NULL DEFAULT 0,
  `commentor_id` int(11) NOT NULL COMMENT 'Foreign key from user_id.',
  `c_content` varchar(200) NOT NULL,
  `timestamp_created` timestamp NOT NULL DEFAULT current_timestamp()
) ENGINE=InnoDB DEFAULT CHARSET=utf8mb4;

-- --------------------------------------------------------

--
-- Table structure for table `li_post_likes`
--

CREATE TABLE `li_post_likes` (
  `post_id` int(11) NOT NULL COMMENT 'Foreign key from post tabls',
  `user_id` int(11) NOT NULL COMMENT 'Foreign key from user table',
  `reaction_type` int(11) NOT NULL COMMENT 'Reaction Types\r\n1 = Like\r\n2 = heart\r\n3 = Laugh\r\n4 = Happy\r\n5 = Wow\r\n6 = Sad\r\n7 = Angry'
) ENGINE=InnoDB DEFAULT CHARSET=utf8mb4;

-- --------------------------------------------------------

--
-- Table structure for table `li_quizzes`
--

CREATE TABLE `li_quizzes` (
  `quiz_id` int(11) NOT NULL,
  `task_id` int(11) NOT NULL COMMENT 'FK from Tasks table',
  `quiz_questions` longtext CHARACTER SET utf8mb4 COLLATE utf8mb4_bin NOT NULL COMMENT 'The quiz questions in JSON format' CHECK (json_valid(`quiz_questions`)),
  `quiz_count` int(11) NOT NULL COMMENT 'Question count',
  `total_points` int(11) NOT NULL,
  `quiz_duration` int(11) NOT NULL COMMENT 'Contains time duration,  in minutes format'
) ENGINE=InnoDB DEFAULT CHARSET=utf8mb4;

--
-- Dumping data for table `li_quizzes`
--

INSERT INTO `li_quizzes` (`quiz_id`, `task_id`, `quiz_questions`, `quiz_count`, `total_points`, `quiz_duration`) VALUES
(45, 112, '[{\"type\":\"0\",\"Question\":\"adadadad\",\"attachments\":[],\"questionPoints\":1,\"responses\":\"true\",\"points\":1,\"total_points\":1},{\"type\":\"0\",\"Question\":\"adasdasdas\",\"attachments\":[],\"questionPoints\":1,\"responses\":\"false\",\"points\":1,\"total_points\":1},{\"type\":\"0\",\"Question\":\"111\",\"attachments\":[],\"questionPoints\":1,\"responses\":\"true\",\"points\":1,\"total_points\":1},{\"type\":\"0\",\"Question\":\"sdadadas\",\"attachments\":[],\"questionPoints\":1,\"responses\":\"false\",\"points\":1,\"total_points\":1}]', 4, 4, 60),
(46, 114, '[{\"type\":\"0\",\"Question\":\"true\",\"attachments\":[],\"questionPoints\":1,\"responses\":\"true\",\"points\":1,\"total_points\":1},{\"type\":\"1\",\"Question\":\"abcd\",\"attachments\":[],\"questionPoints\":1,\"responses\":[{\"text\":\"abcd\",\"ischecked\":true},{\"text\":\"bdcs\",\"ischecked\":false},{\"text\":\"juoh\",\"ischecked\":false}],\"points\":1,\"total_points\":1},{\"type\":\"2\",\"Question\":\"answer answer answer\",\"attachments\":[],\"questionPoints\":1,\"responses\":\"\",\"points\":1,\"total_points\":1},{\"type\":\"3\",\"Question\":\"Learnit _learnit\",\"attachments\":[],\"questionPoints\":1,\"responses\":[\"learnit\"],\"points\":1,\"total_points\":1}]', 4, 4, 60),
(47, 115, '[{\"type\":\"0\",\"Question\":\"true\",\"attachments\":[],\"questionPoints\":1,\"responses\":\"true\",\"points\":1,\"total_points\":1},{\"type\":\"1\",\"Question\":\"ass\",\"attachments\":[],\"questionPoints\":1,\"responses\":[{\"text\":\"bgj\",\"ischecked\":false},{\"text\":\"oop\",\"ischecked\":false},{\"text\":\"ass\",\"ischecked\":true}],\"points\":1,\"total_points\":1},{\"type\":\"2\",\"Question\":\"kjsdkjkd\",\"attachments\":[],\"questionPoints\":1,\"responses\":\"\",\"points\":1,\"total_points\":1}]', 3, 3, 60),
(48, 118, '[{\"type\":\"0\",\"Question\":\"false\",\"attachments\":[],\"questionPoints\":1,\"responses\":\"false\",\"points\":1,\"total_points\":1},{\"type\":\"1\",\"Question\":\"luh\",\"attachments\":[],\"questionPoints\":1,\"responses\":[{\"text\":\"duh\",\"ischecked\":false},{\"text\":\"tsk\",\"ischecked\":false},{\"text\":\"luh\",\"ischecked\":true}],\"points\":1,\"total_points\":1},{\"type\":\"2\",\"Question\":\"aksjdkasjdakji\",\"attachments\":[],\"questionPoints\":1,\"responses\":\"\",\"points\":1,\"total_points\":1}]', 3, 3, 60),
(49, 121, '[{\"type\":\"0\",\"Question\":\"true\",\"attachments\":[],\"questionPoints\":1,\"responses\":\"true\",\"points\":1,\"total_points\":1},{\"type\":\"1\",\"Question\":\"poldo\",\"attachments\":[],\"questionPoints\":1,\"responses\":[{\"text\":\"poldo\",\"ischecked\":true},{\"text\":\"sj\",\"ischecked\":false},{\"text\":\"asdj\",\"ischecked\":false}],\"points\":1,\"total_points\":1},{\"type\":\"2\",\"Question\":\"answer the following\",\"attachments\":[],\"questionPoints\":1,\"responses\":\"\",\"points\":1,\"total_points\":1}]', 3, 3, 60);

-- --------------------------------------------------------

--
-- Table structure for table `li_settings_colors`
--

CREATE TABLE `li_settings_colors` (
  `sc_id` int(11) NOT NULL,
  `sc_name` varchar(50) NOT NULL,
  `sc_color` varchar(25) NOT NULL,
  `sc_text_color` varchar(25) NOT NULL,
  `timestamp_created` timestamp NOT NULL DEFAULT current_timestamp(),
  `timestamp_lastupdate` timestamp NOT NULL DEFAULT current_timestamp() ON UPDATE current_timestamp()
) ENGINE=InnoDB DEFAULT CHARSET=utf8mb4;

--
-- Dumping data for table `li_settings_colors`
--

INSERT INTO `li_settings_colors` (`sc_id`, `sc_name`, `sc_color`, `sc_text_color`, `timestamp_created`, `timestamp_lastupdate`) VALUES
(1, 'Black', '#000000', '#ffffff', '2020-05-14 11:09:13', '2020-06-07 21:25:47'),
(2, 'White', '#ffffff', '#000000', '2020-05-14 14:30:50', '2020-06-07 21:20:37'),
(3, 'Purple', '#e60005', '#ffffff', '2020-05-14 14:34:43', '2020-06-07 21:23:24'),
(4, 'Orange', '#e66838', '#ffffff', '2020-05-19 18:53:35', '2020-06-07 21:23:39'),
(5, 'Blue', '#3583e5', '#ffffff', '2020-05-19 18:54:02', '2020-06-07 21:23:51'),
(6, 'Blue Green', '#28a992', '#ffffff', '2020-05-19 18:54:38', '2020-06-07 21:25:03'),
(7, 'Pink', '#e5368c', '#000000', '2020-05-19 18:55:11', '2020-06-07 21:21:04'),
(8, 'Sky Blue', '#39c9e6', '#000000', '2020-05-19 18:56:22', '2020-06-07 21:21:06'),
(9, 'Purple', '#7f42c9', '#ffffff', '2020-05-19 18:57:04', '2020-06-07 21:24:51'),
(10, 'Yellow Green', '#4cb855', '#000000', '2020-05-19 18:57:50', '2020-06-07 21:21:12'),
(11, 'Grey', '#717991', '#ffffff', '2020-05-19 18:58:19', '2020-06-07 21:25:14'),
(12, 'Yellow', '#fecb00', '#000000', '2020-05-19 18:58:54', '2020-06-07 21:21:17'),
(13, 'testcolor', '#ffc7d5', '#000000', '2020-06-07 21:22:47', '2020-06-07 21:22:47');

-- --------------------------------------------------------

--
-- Table structure for table `li_settings_post_availability`
--

CREATE TABLE `li_settings_post_availability` (
  `spa_id` int(11) NOT NULL,
  `spa_name` varchar(100) NOT NULL,
  `spa_roles` varchar(100) NOT NULL,
  `spa_desc` varchar(300) DEFAULT NULL,
  `timestamp_created` timestamp NOT NULL DEFAULT current_timestamp(),
  `timestamp_lastupdate` timestamp NOT NULL DEFAULT current_timestamp() ON UPDATE current_timestamp()
) ENGINE=InnoDB DEFAULT CHARSET=utf8mb4;

-- --------------------------------------------------------

--
-- Table structure for table `li_settings_subjects`
--

CREATE TABLE `li_settings_subjects` (
  `s_id` int(11) NOT NULL,
  `s_parent_sub` int(11) DEFAULT NULL,
  `s_name` varchar(50) NOT NULL COMMENT 'Subject name',
  `s_abbre` varchar(20) DEFAULT NULL COMMENT 'Subject abbreviation (optional)',
  `s_desc` varchar(200) DEFAULT NULL COMMENT 'Subject description',
  `timestamp_created` timestamp NOT NULL DEFAULT current_timestamp(),
  `timestamp_lastupdate` timestamp NOT NULL DEFAULT current_timestamp() ON UPDATE current_timestamp()
) ENGINE=InnoDB DEFAULT CHARSET=utf8mb4;

--
-- Dumping data for table `li_settings_subjects`
--

INSERT INTO `li_settings_subjects` (`s_id`, `s_parent_sub`, `s_name`, `s_abbre`, `s_desc`, `timestamp_created`, `timestamp_lastupdate`) VALUES
(13, 0, 'Computer Technology', '', '', '2020-05-19 19:06:20', '2020-05-19 19:06:20'),
(14, 0, 'Creative Arts', '', '', '2020-05-19 19:07:04', '2020-05-19 19:07:04'),
(15, 14, 'Art', '', '', '2020-05-19 19:07:42', '2020-05-19 19:07:42'),
(16, 14, 'Music', '', '', '2020-05-19 19:08:16', '2020-05-19 19:08:16'),
(17, 14, 'Dance', '', '', '2020-05-19 19:09:08', '2020-05-19 19:09:08'),
(18, 14, 'Drama', '', '', '2020-05-19 19:09:34', '2020-05-19 19:09:34'),
(19, 0, 'Heath & PE', '', '', '2020-05-19 19:09:55', '2020-05-19 19:09:55'),
(20, 19, 'Health Education', '', '', '2020-05-19 19:11:02', '2020-05-19 19:11:02'),
(21, 19, 'Physical Education', '', '', '2020-05-19 19:11:26', '2020-05-19 19:11:26'),
(22, 19, 'Driver\'s Education', '', '', '2020-05-19 19:11:44', '2020-05-19 19:11:44'),
(23, 0, 'Language Arts', '', '', '2020-05-19 19:12:04', '2020-05-19 19:12:04'),
(24, 23, 'English', '', '', '2020-05-19 19:12:30', '2020-05-19 19:12:30'),
(25, 23, 'Filipino', '', '', '2020-05-19 19:12:44', '2020-05-19 19:12:44'),
(26, 23, 'Reading', '', '', '2020-05-19 19:13:11', '2020-05-19 19:13:11'),
(27, 23, 'English as a Second Language', 'ESL', '', '2020-05-19 19:14:15', '2020-05-19 19:14:15'),
(28, 23, 'Journalism', '', '', '2020-05-19 19:14:44', '2020-05-19 19:14:44'),
(29, 23, 'Speech', '', '', '2020-05-19 19:14:53', '2020-05-19 19:14:53'),
(30, 0, 'Mathematics', '', '', '2020-05-19 19:15:09', '2020-05-19 19:15:09'),
(31, 30, 'Basic Math', '', '', '2020-05-19 19:15:24', '2020-05-19 19:15:24'),
(32, 30, 'Algebra', '', '', '2020-05-19 19:15:58', '2020-05-19 19:15:58'),
(33, 30, 'Geometry', '', '', '2020-05-19 19:16:12', '2020-05-19 19:16:12'),
(34, 30, 'Trigonometry', '', '', '2020-05-19 19:16:33', '2020-05-19 19:16:33'),
(35, 30, 'Calculus', '', '', '2020-05-19 19:16:51', '2020-05-19 19:16:51'),
(36, 30, 'Statistics', '', '', '2020-05-19 19:17:13', '2020-05-19 19:17:13'),
(37, 30, 'Computer Science', '', '', '2020-05-19 19:18:04', '2020-05-19 19:18:04'),
(38, 0, 'Science', '', '', '2020-05-19 19:18:26', '2020-05-19 19:18:26'),
(39, 38, 'Basic Science', '', '', '2020-05-19 19:18:46', '2020-05-19 19:18:46'),
(40, 38, 'Biology', '', '', '2020-05-19 19:19:08', '2020-05-19 19:19:08'),
(41, 38, 'Chemistry', '', '', '2020-05-19 19:19:23', '2020-05-19 19:19:23'),
(42, 38, 'Physics', '', '', '2020-05-19 19:19:34', '2020-05-19 19:19:34'),
(43, 38, 'Psychology', '', '', '2020-05-19 19:19:58', '2020-05-19 19:19:58'),
(44, 38, 'Environmental Science', '', '', '2020-05-19 19:20:18', '2020-05-19 19:20:18'),
(45, 0, 'Social Studies', '', '', '2020-05-19 19:20:41', '2020-05-19 19:20:41'),
(46, 45, 'History', '', '', '2020-05-19 19:20:55', '2020-05-19 19:20:55'),
(47, 45, 'World History', '', '', '2020-05-19 19:21:19', '2020-05-19 19:21:19'),
(48, 45, 'Government', '', '', '2020-05-19 19:21:37', '2020-05-19 19:21:37'),
(49, 45, 'Economics', '', '', '2020-05-19 19:21:49', '2020-05-19 19:21:49'),
(50, 45, 'Geography', '', '', '2020-05-19 19:22:36', '2020-05-19 19:22:36'),
(51, 0, 'Vocational Studies', '', '', '2020-05-19 19:23:26', '2020-05-19 19:23:26'),
(52, 0, 'World Languages', '', '', '2020-05-19 19:24:54', '2020-05-19 19:24:54'),
(53, 52, 'English', '', '', '2020-05-19 19:25:12', '2020-05-19 19:25:12'),
(54, 52, 'Spanish', '', '', '2020-05-19 19:25:38', '2020-05-19 19:25:38'),
(55, 52, 'French', '', '', '2020-05-19 19:25:55', '2020-05-19 19:25:55'),
(56, 52, 'Latin', '', '', '2020-05-19 19:26:12', '2020-05-19 19:26:12'),
(57, 52, 'Japanese', '', '', '2020-05-19 19:26:49', '2020-05-19 19:26:49'),
(58, 52, 'Mandarin', '', '', '2020-05-19 19:26:59', '2020-05-19 19:26:59'),
(59, 52, 'Korean', '', '', '2020-05-19 19:27:39', '2020-05-19 19:27:39'),
(60, 52, 'Italian', '', '', '2020-05-19 19:27:51', '2020-05-19 19:27:51');

-- --------------------------------------------------------

--
-- Table structure for table `li_settings_yr_lvl`
--

CREATE TABLE `li_settings_yr_lvl` (
  `g_id` int(11) NOT NULL,
  `g_name` varchar(100) NOT NULL,
  `timestamp_created` timestamp NOT NULL DEFAULT current_timestamp(),
  `timestamp_lastupdate` timestamp NOT NULL DEFAULT current_timestamp() ON UPDATE current_timestamp()
) ENGINE=InnoDB DEFAULT CHARSET=utf8mb4;

--
-- Dumping data for table `li_settings_yr_lvl`
--

INSERT INTO `li_settings_yr_lvl` (`g_id`, `g_name`, `timestamp_created`, `timestamp_lastupdate`) VALUES
(22, 'Grade 12', '2020-05-19 19:00:30', '2020-07-05 07:53:17'),
(28, 'Grade 10', '2020-05-19 19:01:46', '2020-07-05 07:53:38');

-- --------------------------------------------------------

--
-- Table structure for table `li_tasks`
--

CREATE TABLE `li_tasks` (
  `tsk_id` int(11) NOT NULL,
  `tsk_type` tinyint(4) NOT NULL COMMENT '0 = quiz, 1 = ass',
  `tsk_title` varchar(200) NOT NULL COMMENT 'Task Title',
  `tsk_instruction` text NOT NULL COMMENT 'Task Desccription',
  `tsk_duedate` datetime NOT NULL COMMENT 'Contains the due date of the task',
  `tsk_status` int(11) NOT NULL DEFAULT 1 COMMENT '	Task status 1 = Open 0 = Closed	',
  `tsk_lock_on_due` tinyint(4) NOT NULL COMMENT '1 = true, 0 = false',
  `tsk_options` longtext CHARACTER SET utf8mb4 COLLATE utf8mb4_bin NOT NULL COMMENT 'Hold other task options in JSON format',
  `is_reviewed` int(1) DEFAULT 0,
  `timestamp_created` timestamp NOT NULL DEFAULT current_timestamp() COMMENT 'Created/Assigned date'
) ENGINE=InnoDB DEFAULT CHARSET=utf8mb4;

--
-- Dumping data for table `li_tasks`
--

INSERT INTO `li_tasks` (`tsk_id`, `tsk_type`, `tsk_title`, `tsk_instruction`, `tsk_duedate`, `tsk_status`, `tsk_lock_on_due`, `tsk_options`, `is_reviewed`, `timestamp_created`) VALUES
(107, 1, 'Assignment1', 'Lorem ipsum dolor sit amet,\nconsectetur adipiscing elit,\nsed do eiusmod tempor incididunt', '2021-02-12 23:59:00', 1, 1, '{\"isaddtogradebook\":true}', 0, '2021-02-07 21:22:28'),
(112, 0, 'Test Quiz 1', 'Lorem ipsum dolor sit amet,\nconsectetur adipiscing elit,\nsed do eiusmod tempor incididunt\nut labore et dolore magna aliqua.\nUt enim ad minim veniam, \nquis nostrud exercitation ullamco\nlaboris nisi ut aliquip ex ea \nommodo consequat. Duis aute irure\ndolor in reprehenderit in voluptate\nvelit esse cillum dolore eu fugiat nulla pariatur.\nExcepteur sint occaecat cupidatat ', '2021-02-13 23:59:00', 1, 1, '{\"isaddtogradebook\":true,\"ishowresult\":false}', 0, '2021-02-08 02:48:28'),
(113, 1, 'Class 2 Assignment', 'answer the following:', '2021-02-10 23:59:00', 1, 1, '{\"isaddtogradebook\":false}', 0, '2021-02-08 07:38:52'),
(114, 0, 'Quiz 1', 'Answer the following', '2021-02-10 23:59:00', 1, 1, '{\"isaddtogradebook\":false,\"ishowresult\":false}', 0, '2021-02-08 07:46:40'),
(115, 0, 'kasjdk', 'ksdjkasd', '2021-02-12 23:59:00', 1, 1, '{\"isaddtogradebook\":false,\"ishowresult\":false}', 0, '2021-02-08 09:06:01'),
(116, 1, 'ass 3 ', 'asdasd', '2021-02-12 23:59:00', 1, 1, '{\"isaddtogradebook\":false}', 0, '2021-02-08 09:06:22'),
(117, 1, 'ass 4', 'kjdka', '2021-02-13 23:59:00', 1, 1, '{\"isaddtogradebook\":false}', 0, '2021-02-08 09:07:54'),
(118, 0, 'quiz 4', 'jasadjas', '2021-02-13 23:59:00', 1, 1, '{\"isaddtogradebook\":false,\"ishowresult\":false}', 0, '2021-02-08 09:09:24'),
(119, 1, 'ass 4\'1', 'aksdja', '2021-02-12 23:59:00', 1, 1, '{\"isaddtogradebook\":false}', 0, '2021-02-08 09:10:52'),
(120, 1, 'ass 3\'1', 'ajshdjas', '2021-02-13 23:59:00', 1, 1, '{\"isaddtogradebook\":false}', 0, '2021-02-08 09:12:49'),
(121, 0, 'quiz 3\'1', 'jasjdha', '2021-02-13 23:59:00', 1, 1, '{\"isaddtogradebook\":false,\"ishowresult\":false}', 0, '2021-02-08 09:14:30');

-- --------------------------------------------------------

--
-- Table structure for table `li_task_attachments`
--

CREATE TABLE `li_task_attachments` (
  `attach_id` int(11) NOT NULL,
  `task_id` int(11) NOT NULL,
  `attach_type` tinyint(1) NOT NULL COMMENT 'Type of attachment::\r\n0 = filepath\r\n1 = Link',
  `attach_text` varchar(300) NOT NULL COMMENT 'Contains attachment text.\r\n\r\nFile path of link'
) ENGINE=InnoDB DEFAULT CHARSET=utf8mb4;

-- --------------------------------------------------------

--
-- Table structure for table `li_task_class_assignees`
--

CREATE TABLE `li_task_class_assignees` (
  `ta_id` int(11) NOT NULL,
  `task_id` int(11) NOT NULL COMMENT 'Foreign Key from tasks talbe',
  `class_id` int(11) NOT NULL COMMENT 'FK from classes table'
) ENGINE=InnoDB DEFAULT CHARSET=utf8mb4;

--
-- Dumping data for table `li_task_class_assignees`
--

INSERT INTO `li_task_class_assignees` (`ta_id`, `task_id`, `class_id`) VALUES
(128, 107, 40),
(133, 112, 40),
(134, 113, 42),
(135, 114, 42),
(136, 115, 43),
(137, 116, 43),
(138, 117, 44),
(139, 118, 44),
(140, 119, 45),
(141, 120, 46),
(142, 121, 46);

-- --------------------------------------------------------

--
-- Table structure for table `li_task_submissions`
--

CREATE TABLE `li_task_submissions` (
  `ts_id` int(11) NOT NULL,
  `task_id` int(11) NOT NULL COMMENT 'Foreign Key from task table',
  `student_id` int(11) NOT NULL COMMENT 'Fk from users table as student',
  `status` int(11) NOT NULL DEFAULT 0 COMMENT 'Contains the status of the submission.\r\n\r\n0 = For review/checking\r\n1 = reviewed/checked',
  `teacher_remarks` varchar(500) NOT NULL,
  `datetime_submitted` timestamp NOT NULL DEFAULT current_timestamp() COMMENT 'Contains the time the task is submitted'
) ENGINE=InnoDB DEFAULT CHARSET=utf8mb4;

--
-- Dumping data for table `li_task_submissions`
--

INSERT INTO `li_task_submissions` (`ts_id`, `task_id`, `student_id`, `status`, `teacher_remarks`, `datetime_submitted`) VALUES
(196, 107, 146, 0, '', '2021-02-08 02:35:18'),
(201, 112, 146, 0, '', '2021-02-08 03:09:16'),
(202, 114, 171, 0, '', '2021-02-08 09:19:31'),
(203, 113, 171, 0, '', '2021-02-08 09:22:42'),
(204, 115, 171, 0, '', '2021-02-08 09:24:20'),
(205, 116, 171, 0, '', '2021-02-08 09:25:03'),
(206, 120, 176, 0, '', '2021-02-08 09:27:58'),
(207, 121, 176, 0, '', '2021-02-08 09:28:33'),
(208, 117, 176, 0, '', '2021-02-08 09:34:05'),
(209, 118, 176, 0, '', '2021-02-08 09:34:35'),
(210, 119, 177, 0, '', '2021-02-08 09:37:57'),
(211, 113, 177, 0, '', '2021-02-08 09:39:30');

-- --------------------------------------------------------

--
-- Table structure for table `li_task_submission_ass`
--

CREATE TABLE `li_task_submission_ass` (
  `tsa_id` int(11) NOT NULL,
  `ts_id` int(11) NOT NULL COMMENT 'Foreign key from task_submissions table',
  `submission_content` longtext CHARACTER SET utf8mb4 COLLATE utf8mb4_bin NOT NULL COMMENT 'Contains the attachments/texts in the submission.\r\n\r\nIn JSON format' CHECK (json_valid(`submission_content`)),
  `tsa_status` int(11) NOT NULL DEFAULT 1 COMMENT 'Contains the status for the assignment.\r\n\r\n1 = Turned In\r\n2 = Not Turned In\r\n3 = Graded\r\n4 = Not graded\r\n5 = for revision',
  `ass_grade` int(11) NOT NULL DEFAULT 0 COMMENT 'Contains the grade of the assignment',
  `ass_over` int(11) NOT NULL
) ENGINE=InnoDB DEFAULT CHARSET=utf8mb4;

--
-- Dumping data for table `li_task_submission_ass`
--

INSERT INTO `li_task_submission_ass` (`tsa_id`, `ts_id`, `submission_content`, `tsa_status`, `ass_grade`, `ass_over`) VALUES
(29, 196, '{\"text\":\"Testing\",\"attchments\":\"[{\\\"type\\\":\\\"docx\\\",\\\"path\\\":\\\"2021\\\\\\\\02\\\\\\\\0_LearnIT_2021-01-30_Example test doc (4).docx\\\",\\\"name\\\":\\\"LearnIT_2021-01-30_Example test doc (4).docx\\\",\\\"size\\\":11358},{\\\"type\\\":\\\"docx\\\",\\\"path\\\":\\\"2021\\\\\\\\02\\\\\\\\0_LearnIT_2021-01-30_Example test doc (3).docx\\\",\\\"name\\\":\\\"LearnIT_2021-01-30_Example test doc (3).docx\\\",\\\"size\\\":11358},{\\\"type\\\":\\\"pdf\\\",\\\"path\\\":\\\"2021\\\\\\\\02\\\\\\\\0_LearnIT_2021-01-30_Arana_Certificate_Independent_Contractor (4).pdf\\\",\\\"name\\\":\\\"LearnIT_2021-01-30_Arana_Certificate_Independent_Contractor (4).pdf\\\",\\\"size\\\":303192},{\\\"type\\\":\\\"jpg\\\",\\\"path\\\":\\\"2021\\\\\\\\02\\\\\\\\0_126293642_178294397259031_3759268838569577738_n.jpg\\\",\\\"name\\\":\\\"126293642_178294397259031_3759268838569577738_n.jpg\\\",\\\"size\\\":138356}]\"}', 1, 8, 10),
(30, 203, '{\"text\":\"andjanjwjas\",\"attchments\":\"[]\"}', 1, 0, 0),
(31, 205, '{\"text\":\"nayad\",\"attchments\":\"[]\"}', 1, 0, 0),
(32, 206, '{\"text\":\"ass 3\'1\",\"attchments\":\"[]\"}', 1, 0, 0),
(33, 208, '{\"text\":\"jshdjhsshd\",\"attchments\":\"[]\"}', 1, 0, 0),
(34, 210, '{\"text\":\"thahsdjhdj\",\"attchments\":\"[]\"}', 1, 0, 0),
(35, 211, '{\"text\":\" Add Text kjskdjak\",\"attchments\":\"[]\"}', 1, 0, 0);

-- --------------------------------------------------------

--
-- Table structure for table `li_task_submission_ass_remarks`
--

CREATE TABLE `li_task_submission_ass_remarks` (
  `tsar_id` int(11) NOT NULL,
  `tsa_id` int(11) NOT NULL,
  `user_id` int(11) NOT NULL,
  `comment` varchar(500) NOT NULL
) ENGINE=InnoDB DEFAULT CHARSET=utf8mb4;

-- --------------------------------------------------------

--
-- Table structure for table `li_task_submission_quiz`
--

CREATE TABLE `li_task_submission_quiz` (
  `tsq_id` int(11) NOT NULL,
  `ts_id` int(11) NOT NULL COMMENT 'FK from task_submission table',
  `quiz_answers` longtext CHARACTER SET utf8mb4 COLLATE utf8mb4_bin NOT NULL COMMENT 'Contains the answers to the quiz' CHECK (json_valid(`quiz_answers`)),
  `duration_consumed` varchar(11) NOT NULL COMMENT 'Consumed time in minutes',
  `quiz_score` int(11) NOT NULL COMMENT 'Contains the score of the quiz'
) ENGINE=InnoDB DEFAULT CHARSET=utf8mb4;

--
-- Dumping data for table `li_task_submission_quiz`
--

INSERT INTO `li_task_submission_quiz` (`tsq_id`, `ts_id`, `quiz_answers`, `duration_consumed`, `quiz_score`) VALUES
(151, 201, '\"[[\\\"true\\\"],[\\\"true\\\"],[\\\"false\\\"],[\\\"true\\\"]]\"', '09:9', 1),
(152, 202, '\"[[\\\"true\\\"],[\\\"0\\\"],[\\\"jskadjkawisdaj\\\"],[\\\"\\\"]]\"', '00:15', 2),
(153, 204, '\"[[\\\"true\\\"],[\\\"2\\\"],[\\\"kjsdkjkd\\\"]]\"', '00:18', 2),
(154, 207, '\"[[\\\"true\\\"],[\\\"0\\\"],[\\\"ksjdksjdisjds\\\"]]\"', '00:14', 2),
(155, 209, '\"[[\\\"false\\\"],[\\\"2\\\"],[\\\"mkmkmkmkmk\\\"]]\"', '00:10', 2);

-- --------------------------------------------------------

--
-- Table structure for table `li_userinfo`
--

CREATE TABLE `li_userinfo` (
  `ui_id` int(11) NOT NULL,
  `cred_id` int(11) NOT NULL COMMENT 'Foreignkey from users table',
  `ui_firstname` varchar(50) NOT NULL DEFAULT ' ' COMMENT 'User firstname',
  `ui_midname` varchar(50) NOT NULL DEFAULT ' ',
  `ui_lastname` varchar(50) NOT NULL DEFAULT ' ' COMMENT 'User lastname',
  `ui_email` varchar(50) DEFAULT NULL COMMENT 'User Email',
  `ui_guardian_phone` varchar(15) NOT NULL,
  `ui_profile_data` longtext CHARACTER SET utf8mb4 COLLATE utf8mb4_bin NOT NULL DEFAULT '{}' COMMENT 'All data on user profile ( JSON Format)\r\n\r\n\r\nUser image path\r\nPhonenumber\r\nGuardianPhonenumber\r\nPersonal Info, \r\nAcademic Info.\r\netc.',
  `timestamp_created` timestamp NOT NULL DEFAULT current_timestamp(),
  `timestamp_lastupdate` timestamp NOT NULL DEFAULT current_timestamp() ON UPDATE current_timestamp()
) ENGINE=InnoDB DEFAULT CHARSET=utf8mb4;

--
-- Dumping data for table `li_userinfo`
--

INSERT INTO `li_userinfo` (`ui_id`, `cred_id`, `ui_firstname`, `ui_midname`, `ui_lastname`, `ui_email`, `ui_guardian_phone`, `ui_profile_data`, `timestamp_created`, `timestamp_lastupdate`) VALUES
(79, 109, 'joemarie', ' ', 'Arana', 'aranajoemarie@gmail.com', '09464023418', '{}', '2020-10-19 22:14:35', '2021-02-04 08:17:27'),
(116, 146, 'Aphrodite', ' ', 'Gajo', 'aranajoemarie@gmail.com', '09464023418', '{\"ui_guardian_phone\":\"09464023418\",\"ui_guardian_name\":\"Joemarie\"}', '2020-12-04 02:58:23', '2021-02-04 08:17:25'),
(120, 150, 'Joemarie', ' ', 'Waaka', 'aranajoemarie1@gmail.com', '09464023418', '{}', '2021-02-04 03:08:24', '2021-02-04 08:17:23'),
(127, 167, 'testing', ' ', 'testing1', 'aprogajo@gmail.com', '09464023418', '{\"ui_guardian_name\":\"Aphro Gajo\"}', '2021-02-04 04:22:32', '2021-02-04 04:22:32'),
(129, 169, '1', ' ', 'teacher', '1teacherlearnit@gmail.com', '', '{}', '2021-02-08 07:14:58', '2021-02-08 07:14:58'),
(131, 171, 'student', ' ', 'malacao', '', '09075974193', '{\"ui_guardian_name\":\"apiio\"}', '2021-02-08 08:18:12', '2021-02-08 08:18:12'),
(134, 174, '3', ' ', 'teacher', '3teacherlearnit@gmail.com', '', '{}', '2021-02-08 08:50:02', '2021-02-08 08:50:02'),
(135, 175, '4', ' ', 'teacher', '4teacherlearnit@gmail.com', '', '{}', '2021-02-08 08:55:21', '2021-02-08 08:55:21'),
(136, 176, '1', ' ', 'student', '', '09075974193', '{\"ui_guardian_name\":\"apiioo\"}', '2021-02-08 08:58:37', '2021-02-08 08:58:37'),
(137, 177, '2', ' ', 'student', '', '09075974193', '{\"ui_guardian_name\":\"apiio\"}', '2021-02-08 09:00:13', '2021-02-08 09:00:13');

-- --------------------------------------------------------

--
-- Table structure for table `li_users`
--

CREATE TABLE `li_users` (
  `user_id` int(11) NOT NULL,
  `uname` varchar(50) NOT NULL COMMENT 'contains username',
  `pass` varchar(400) NOT NULL COMMENT 'Contains password',
  `role` enum('student','teacher','admin') NOT NULL COMMENT 'Contains the role of the user',
  `online_status` int(1) NOT NULL DEFAULT 0 COMMENT '0 for offline, 1 for online',
  `user_status` int(11) NOT NULL DEFAULT 1 COMMENT '1 = active\r\n0 = inactive',
  `application_status` int(11) NOT NULL DEFAULT 1 COMMENT '1 = pending\r\n2 = approved',
  `timestamp_created` timestamp NOT NULL DEFAULT current_timestamp(),
  `datetime_inactive` datetime NOT NULL,
  `timestamp_lastupdate` timestamp NOT NULL DEFAULT current_timestamp() ON UPDATE current_timestamp()
) ENGINE=InnoDB DEFAULT CHARSET=utf8mb4;

--
-- Dumping data for table `li_users`
--

INSERT INTO `li_users` (`user_id`, `uname`, `pass`, `role`, `online_status`, `user_status`, `application_status`, `timestamp_created`, `datetime_inactive`, `timestamp_lastupdate`) VALUES
(85, 'admin', 'YWRtaW4=', 'admin', 0, 1, 2, '2020-07-08 23:13:23', '0000-00-00 00:00:00', '2021-02-04 08:14:47'),
(109, 'aranajoemarie@gmail.com', 'dGVzdGluZzEyMzQ=', 'teacher', 0, 1, 2, '2020-10-19 22:14:35', '0000-00-00 00:00:00', '2021-02-04 08:09:31'),
(146, 'aphro', 'dGVzdGluZzEyMzQ=', 'student', 0, 1, 2, '2020-12-04 02:58:23', '2021-02-08 15:33:27', '2021-02-08 07:33:27'),
(150, 'aranajoemarie1@gmail.com', 'Sm9lbWFyaWVtbzI2MDQ=', 'teacher', 0, 0, 2, '2021-02-04 03:08:24', '2021-02-04 21:42:22', '2021-02-04 13:42:22'),
(167, 'joem1', 'dGVzdGluZzEyMzQ=', 'student', 0, 1, 2, '2021-02-04 04:22:32', '0000-00-00 00:00:00', '2021-02-04 08:09:36'),
(169, '1teacherlearnit@gmail.com', 'dGVzdGluZzEyMzQ=', 'teacher', 0, 1, 2, '2021-02-08 07:14:58', '0000-00-00 00:00:00', '2021-02-08 07:15:39'),
(171, 'Student', 'dGVzdGluZzEyMzQ=', 'student', 0, 1, 2, '2021-02-08 08:18:11', '0000-00-00 00:00:00', '2021-02-08 08:18:40'),
(174, '3teacherlearnit@gmail.com', 'dGVzdGluZzEyMzQ=', 'teacher', 0, 1, 2, '2021-02-08 08:50:02', '0000-00-00 00:00:00', '2021-02-08 08:52:17'),
(175, '4teacherlearnit@gmail.com', 'dGVzdGluZzEyMzQ=', 'teacher', 0, 1, 2, '2021-02-08 08:55:20', '0000-00-00 00:00:00', '2021-02-08 08:56:50'),
(176, '1student', 'dGVzdGluZzEyMzQ=', 'student', 0, 1, 2, '2021-02-08 08:58:37', '0000-00-00 00:00:00', '2021-02-08 08:59:08'),
(177, '2student', 'dGVzdGluZzEyMzQ=', 'student', 0, 1, 2, '2021-02-08 09:00:13', '0000-00-00 00:00:00', '2021-02-08 09:00:44');

-- --------------------------------------------------------

--
-- Table structure for table `li_user_utility_hidden_posts_log`
--

CREATE TABLE `li_user_utility_hidden_posts_log` (
  `user_id` int(11) NOT NULL,
  `post_id` int(11) NOT NULL
) ENGINE=InnoDB DEFAULT CHARSET=utf8mb4;

-- --------------------------------------------------------

--
-- Table structure for table `li_user_utility_notification_logs`
--

CREATE TABLE `li_user_utility_notification_logs` (
  `log_id` int(11) NOT NULL,
  `user_id` int(11) NOT NULL,
  `notification_msg` varchar(500) NOT NULL,
  `log_type` varchar(50) NOT NULL,
  `log_timestamp` timestamp NOT NULL DEFAULT current_timestamp()
) ENGINE=InnoDB DEFAULT CHARSET=utf8mb4;

--
-- Dumping data for table `li_user_utility_notification_logs`
--

INSERT INTO `li_user_utility_notification_logs` (`log_id`, `user_id`, `notification_msg`, `log_type`, `log_timestamp`) VALUES
(4, 109, 'Student \'Aphrodite Gajo\' had taken th quiz : Test Quiz 2', '', '2021-02-08 01:47:30'),
(5, 146, 'A new Quiz has been assigned on IT Fundamentals', 'new-task', '2021-02-08 01:51:54'),
(6, 109, 'Student \'Aphrodite Gajo\' had taken th quiz : Test Quiz 1', '', '2021-02-08 01:53:10'),
(7, 109, 'Student \'Aphrodite Gajo\' had taken th quiz : Test Quiz 1', '', '2021-02-08 01:58:54'),
(8, 109, 'Student \'Aphrodite Gajo\' had taken th quiz : Test Quiz 1', '', '2021-02-08 02:00:12'),
(9, 109, 'Student \'Aphrodite Gajo\' had taken th quiz : Test Quiz 1', '', '2021-02-08 02:03:03'),
(10, 109, 'Student \'Aphrodite Gajo\' had taken th quiz : Test Quiz 1', '', '2021-02-08 02:04:35'),
(11, 109, 'Student \'Aphrodite Gajo\' had taken th quiz : Test Quiz 1', '', '2021-02-08 02:06:28'),
(12, 109, 'Student \'Aphrodite Gajo\' had taken th quiz : Test Quiz 1', '', '2021-02-08 02:13:26'),
(13, 109, 'Student \'Aphrodite Gajo\' had taken th quiz : Test Quiz 1', '', '2021-02-08 02:19:50'),
(14, 109, 'Student \'Aphrodite Gajo\' had taken th quiz : Test Quiz 1', '', '2021-02-08 02:22:40'),
(15, 109, 'Student \'Aphrodite Gajo\' had taken th quiz : Test Quiz 1', '', '2021-02-08 02:23:22'),
(16, 109, 'Student \'Aphrodite Gajo\' had taken th quiz : Test Quiz 1', '', '2021-02-08 02:25:12'),
(17, 109, 'Student \'Aphrodite Gajo\' had taken th quiz : Test Quiz 1', '', '2021-02-08 02:27:16'),
(18, 109, 'Student \'Aphrodite Gajo\' had taken th quiz : Test Quiz 1', '', '2021-02-08 02:28:32'),
(19, 109, 'Student \'Aphrodite Gajo\' had taken th quiz : Test Quiz 1', '', '2021-02-08 02:30:02'),
(20, 109, 'Student \'Aphrodite Gajo\' had taken th quiz : Test Quiz 1', '', '2021-02-08 02:31:12'),
(21, 109, 'Student \'Aphrodite Gajo\' had taken th quiz : Test Quiz 1', '', '2021-02-08 02:32:53'),
(22, 109, 'Student \'Aphrodite Gajo\' had taken th quiz : Test Quiz 1', '', '2021-02-08 02:33:45'),
(23, 109, 'Student \'Aphrodite Gajo\' had submitted an answer for assignment : Assignment1', '', '2021-02-08 02:35:18'),
(24, 146, 'A new Quiz has been assigned on IT Fundamentals', 'new-task', '2021-02-08 02:42:53'),
(25, 109, 'Student \'Aphrodite Gajo\' had taken th quiz : Test Quiz 1', '', '2021-02-08 02:43:35'),
(26, 146, 'A new Quiz has been assigned on IT Fundamentals', 'new-task', '2021-02-08 02:48:28'),
(27, 109, 'Student \'Aphrodite Gajo\' had taken th quiz : Test Quiz 1', '', '2021-02-08 02:49:02'),
(28, 109, 'Student \'Aphrodite Gajo\' had taken th quiz : Test Quiz 1', '', '2021-02-08 02:51:22'),
(29, 109, 'Student \'Aphrodite Gajo\' had taken th quiz : Test Quiz 1', '', '2021-02-08 03:08:11'),
(30, 109, 'Student \'Aphrodite Gajo\' had taken th quiz : Test Quiz 1', '', '2021-02-08 03:09:16'),
(31, 169, 'A new student had joined your class \'Class 2\'', '', '2021-02-08 08:30:18'),
(32, 169, 'A Student had withdrawn from class \'Class 2\'', 'my-student-log', '2021-02-08 09:18:01'),
(33, 169, 'A Student had withdrawn from class \'Class 2\'', 'my-student-log', '2021-02-08 09:18:08'),
(34, 169, 'A Student had withdrawn from class \'Class 2\'', 'my-student-log', '2021-02-08 09:18:13'),
(35, 169, 'A Student had withdrawn from class \'Class 2\'', 'my-student-log', '2021-02-08 09:18:17'),
(36, 169, 'A Student had withdrawn from class \'Class 2\'', 'my-student-log', '2021-02-08 09:18:22'),
(37, 169, 'Student \'student malacao\' had rejoined your class \'Class 2\'', 'my-student-log', '2021-02-08 09:18:59'),
(38, 169, 'Student \'student malacao\' had taken th quiz : Quiz 1', '', '2021-02-08 09:19:31'),
(39, 169, 'Student \'student malacao\' had submitted an answer for assignment : Class 2 Assignment', '', '2021-02-08 09:22:42'),
(40, 174, 'A new student had joined your class \'class 3\'', '', '2021-02-08 09:23:12'),
(41, 174, 'Student \'student malacao\' had taken th quiz : kasjdk', '', '2021-02-08 09:24:21'),
(42, 174, 'Student \'student malacao\' had submitted an answer for assignment : ass 3 ', '', '2021-02-08 09:25:03'),
(43, 174, 'A new student had joined your class \'class 3\'1\'', '', '2021-02-08 09:27:15'),
(44, 174, 'Student \'1 student\' had submitted an answer for assignment : ass 3\'1', '', '2021-02-08 09:27:58'),
(45, 174, 'Student \'1 student\' had taken th quiz : quiz 3\'1', '', '2021-02-08 09:28:33'),
(46, 175, 'A new student had joined your class \'class 4\'', '', '2021-02-08 09:29:12'),
(47, 175, 'Student \'1 student\' had submitted an answer for assignment : ass 4', '', '2021-02-08 09:34:06'),
(48, 175, 'Student \'1 student\' had taken th quiz : quiz 4', '', '2021-02-08 09:34:35'),
(49, 175, 'A new student had joined your class \'class 4\'1\'', '', '2021-02-08 09:35:57'),
(50, 175, 'Student \'2 student\' had submitted an answer for assignment : ass 4\'1', '', '2021-02-08 09:37:58'),
(51, 169, 'A new student had joined your class \'Class 2\'', '', '2021-02-08 09:38:40'),
(52, 169, 'Student \'2 student\' had submitted an answer for assignment : Class 2 Assignment', '', '2021-02-08 09:39:30');

-- --------------------------------------------------------

--
-- Table structure for table `li_user_utility_post_notification`
--

CREATE TABLE `li_user_utility_post_notification` (
  `postid` int(11) NOT NULL,
  `userid` int(11) NOT NULL
) ENGINE=InnoDB DEFAULT CHARSET=utf8mb4;

-- --------------------------------------------------------

--
-- Table structure for table `li_verification_codes`
--

CREATE TABLE `li_verification_codes` (
  `vc_code` varchar(50) NOT NULL,
  `user_id` int(11) NOT NULL,
  `timestamp` timestamp NOT NULL DEFAULT current_timestamp()
) ENGINE=InnoDB DEFAULT CHARSET=utf8mb4;

--
-- Indexes for dumped tables
--

--
-- Indexes for table `li_assignments`
--
ALTER TABLE `li_assignments`
  ADD PRIMARY KEY (`ass_id`),
  ADD KEY `li_assignment_fk_task_id` (`task_id`);

--
-- Indexes for table `li_chat_group`
--
ALTER TABLE `li_chat_group`
  ADD PRIMARY KEY (`cg_id`);

--
-- Indexes for table `li_chat_messages`
--
ALTER TABLE `li_chat_messages`
  ADD PRIMARY KEY (`m_id`),
  ADD KEY `cg_id` (`cg_id`),
  ADD KEY `user_id` (`user_id`);

--
-- Indexes for table `li_classes`
--
ALTER TABLE `li_classes`
  ADD PRIMARY KEY (`class_id`),
  ADD KEY `teacher_id` (`teacher_id`),
  ADD KEY `grade_id` (`grade_id`),
  ADD KEY `subject_id` (`subject_id`),
  ADD KEY `color_id` (`color_id`);

--
-- Indexes for table `li_class_grading_periods`
--
ALTER TABLE `li_class_grading_periods`
  ADD PRIMARY KEY (`cgp_id`),
  ADD KEY `class_id` (`class_id`);

--
-- Indexes for table `li_class_grading_period_columns`
--
ALTER TABLE `li_class_grading_period_columns`
  ADD PRIMARY KEY (`cgpc_id`),
  ADD KEY `cgp_id` (`cgp_id`);

--
-- Indexes for table `li_class_grading_period_tasks`
--
ALTER TABLE `li_class_grading_period_tasks`
  ADD PRIMARY KEY (`cgpt_id`),
  ADD KEY `cgp_id` (`cgp_id`),
  ADD KEY `task_id` (`task_id`);

--
-- Indexes for table `li_class_grading_student_grades`
--
ALTER TABLE `li_class_grading_student_grades`
  ADD PRIMARY KEY (`cgsg_id`),
  ADD KEY `cgpc_id` (`cgpc_id`);

--
-- Indexes for table `li_class_students`
--
ALTER TABLE `li_class_students`
  ADD PRIMARY KEY (`cs_id`),
  ADD KEY `student_id` (`student_id`),
  ADD KEY `class_id` (`class_id`);

--
-- Indexes for table `li_class_teacher_transition_log`
--
ALTER TABLE `li_class_teacher_transition_log`
  ADD PRIMARY KEY (`cttl_id`);

--
-- Indexes for table `li_multimedia`
--
ALTER TABLE `li_multimedia`
  ADD PRIMARY KEY (`m_id`);

--
-- Indexes for table `li_normal_posts`
--
ALTER TABLE `li_normal_posts`
  ADD PRIMARY KEY (`np_id`);

--
-- Indexes for table `li_posts`
--
ALTER TABLE `li_posts`
  ADD PRIMARY KEY (`p_id`),
  ADD KEY `user_id` (`user_id`),
  ADD KEY `spa_id` (`spa_id`);

--
-- Indexes for table `li_post_comments`
--
ALTER TABLE `li_post_comments`
  ADD PRIMARY KEY (`c_id`),
  ADD KEY `p_id` (`p_id`);

--
-- Indexes for table `li_post_likes`
--
ALTER TABLE `li_post_likes`
  ADD KEY `post_id` (`post_id`),
  ADD KEY `user_id` (`user_id`);

--
-- Indexes for table `li_quizzes`
--
ALTER TABLE `li_quizzes`
  ADD PRIMARY KEY (`quiz_id`),
  ADD KEY `task_id` (`task_id`);

--
-- Indexes for table `li_settings_colors`
--
ALTER TABLE `li_settings_colors`
  ADD PRIMARY KEY (`sc_id`);

--
-- Indexes for table `li_settings_post_availability`
--
ALTER TABLE `li_settings_post_availability`
  ADD PRIMARY KEY (`spa_id`);

--
-- Indexes for table `li_settings_subjects`
--
ALTER TABLE `li_settings_subjects`
  ADD PRIMARY KEY (`s_id`);

--
-- Indexes for table `li_settings_yr_lvl`
--
ALTER TABLE `li_settings_yr_lvl`
  ADD PRIMARY KEY (`g_id`);

--
-- Indexes for table `li_tasks`
--
ALTER TABLE `li_tasks`
  ADD PRIMARY KEY (`tsk_id`);

--
-- Indexes for table `li_task_attachments`
--
ALTER TABLE `li_task_attachments`
  ADD KEY `task_id` (`task_id`);

--
-- Indexes for table `li_task_class_assignees`
--
ALTER TABLE `li_task_class_assignees`
  ADD PRIMARY KEY (`ta_id`),
  ADD KEY `task_id` (`task_id`),
  ADD KEY `class_id` (`class_id`);

--
-- Indexes for table `li_task_submissions`
--
ALTER TABLE `li_task_submissions`
  ADD PRIMARY KEY (`ts_id`),
  ADD KEY `task_id` (`task_id`),
  ADD KEY `student_id` (`student_id`);

--
-- Indexes for table `li_task_submission_ass`
--
ALTER TABLE `li_task_submission_ass`
  ADD PRIMARY KEY (`tsa_id`),
  ADD KEY `ts_id` (`ts_id`);

--
-- Indexes for table `li_task_submission_ass_remarks`
--
ALTER TABLE `li_task_submission_ass_remarks`
  ADD PRIMARY KEY (`tsar_id`);

--
-- Indexes for table `li_task_submission_quiz`
--
ALTER TABLE `li_task_submission_quiz`
  ADD PRIMARY KEY (`tsq_id`),
  ADD KEY `ts_id` (`ts_id`);

--
-- Indexes for table `li_userinfo`
--
ALTER TABLE `li_userinfo`
  ADD PRIMARY KEY (`ui_id`),
  ADD KEY `cred_id` (`cred_id`);

--
-- Indexes for table `li_users`
--
ALTER TABLE `li_users`
  ADD PRIMARY KEY (`user_id`);

--
-- Indexes for table `li_user_utility_hidden_posts_log`
--
ALTER TABLE `li_user_utility_hidden_posts_log`
  ADD KEY `post_id` (`post_id`),
  ADD KEY `user_id` (`user_id`);

--
-- Indexes for table `li_user_utility_notification_logs`
--
ALTER TABLE `li_user_utility_notification_logs`
  ADD PRIMARY KEY (`log_id`);

--
-- Indexes for table `li_user_utility_post_notification`
--
ALTER TABLE `li_user_utility_post_notification`
  ADD KEY `userid` (`userid`),
  ADD KEY `postid` (`postid`);

--
-- Indexes for table `li_verification_codes`
--
ALTER TABLE `li_verification_codes`
  ADD PRIMARY KEY (`vc_code`),
  ADD KEY `user_id` (`user_id`);

--
-- AUTO_INCREMENT for dumped tables
--

--
-- AUTO_INCREMENT for table `li_assignments`
--
ALTER TABLE `li_assignments`
  MODIFY `ass_id` int(11) NOT NULL AUTO_INCREMENT, AUTO_INCREMENT=51;

--
-- AUTO_INCREMENT for table `li_chat_group`
--
ALTER TABLE `li_chat_group`
  MODIFY `cg_id` int(11) NOT NULL AUTO_INCREMENT;

--
-- AUTO_INCREMENT for table `li_chat_messages`
--
ALTER TABLE `li_chat_messages`
  MODIFY `m_id` int(11) NOT NULL AUTO_INCREMENT;

--
-- AUTO_INCREMENT for table `li_classes`
--
ALTER TABLE `li_classes`
  MODIFY `class_id` int(11) NOT NULL AUTO_INCREMENT, AUTO_INCREMENT=47;

--
-- AUTO_INCREMENT for table `li_class_grading_periods`
--
ALTER TABLE `li_class_grading_periods`
  MODIFY `cgp_id` int(11) NOT NULL AUTO_INCREMENT, AUTO_INCREMENT=19;

--
-- AUTO_INCREMENT for table `li_class_grading_period_columns`
--
ALTER TABLE `li_class_grading_period_columns`
  MODIFY `cgpc_id` int(11) NOT NULL AUTO_INCREMENT, AUTO_INCREMENT=14;

--
-- AUTO_INCREMENT for table `li_class_grading_period_tasks`
--
ALTER TABLE `li_class_grading_period_tasks`
  MODIFY `cgpt_id` int(11) NOT NULL AUTO_INCREMENT, AUTO_INCREMENT=10;

--
-- AUTO_INCREMENT for table `li_class_grading_student_grades`
--
ALTER TABLE `li_class_grading_student_grades`
  MODIFY `cgsg_id` int(11) NOT NULL AUTO_INCREMENT, AUTO_INCREMENT=4;

--
-- AUTO_INCREMENT for table `li_class_students`
--
ALTER TABLE `li_class_students`
  MODIFY `cs_id` int(11) NOT NULL AUTO_INCREMENT, AUTO_INCREMENT=36;

--
-- AUTO_INCREMENT for table `li_class_teacher_transition_log`
--
ALTER TABLE `li_class_teacher_transition_log`
  MODIFY `cttl_id` int(11) NOT NULL AUTO_INCREMENT, AUTO_INCREMENT=5;

--
-- AUTO_INCREMENT for table `li_multimedia`
--
ALTER TABLE `li_multimedia`
  MODIFY `m_id` int(11) NOT NULL AUTO_INCREMENT, AUTO_INCREMENT=142;

--
-- AUTO_INCREMENT for table `li_normal_posts`
--
ALTER TABLE `li_normal_posts`
  MODIFY `np_id` int(11) NOT NULL AUTO_INCREMENT, AUTO_INCREMENT=98;

--
-- AUTO_INCREMENT for table `li_posts`
--
ALTER TABLE `li_posts`
  MODIFY `p_id` int(11) NOT NULL AUTO_INCREMENT COMMENT 'Primary key', AUTO_INCREMENT=244;

--
-- AUTO_INCREMENT for table `li_post_comments`
--
ALTER TABLE `li_post_comments`
  MODIFY `c_id` int(11) NOT NULL AUTO_INCREMENT, AUTO_INCREMENT=38;

--
-- AUTO_INCREMENT for table `li_quizzes`
--
ALTER TABLE `li_quizzes`
  MODIFY `quiz_id` int(11) NOT NULL AUTO_INCREMENT, AUTO_INCREMENT=50;

--
-- AUTO_INCREMENT for table `li_settings_colors`
--
ALTER TABLE `li_settings_colors`
  MODIFY `sc_id` int(11) NOT NULL AUTO_INCREMENT, AUTO_INCREMENT=14;

--
-- AUTO_INCREMENT for table `li_settings_post_availability`
--
ALTER TABLE `li_settings_post_availability`
  MODIFY `spa_id` int(11) NOT NULL AUTO_INCREMENT;

--
-- AUTO_INCREMENT for table `li_settings_subjects`
--
ALTER TABLE `li_settings_subjects`
  MODIFY `s_id` int(11) NOT NULL AUTO_INCREMENT, AUTO_INCREMENT=62;

--
-- AUTO_INCREMENT for table `li_settings_yr_lvl`
--
ALTER TABLE `li_settings_yr_lvl`
  MODIFY `g_id` int(11) NOT NULL AUTO_INCREMENT, AUTO_INCREMENT=33;

--
-- AUTO_INCREMENT for table `li_tasks`
--
ALTER TABLE `li_tasks`
  MODIFY `tsk_id` int(11) NOT NULL AUTO_INCREMENT, AUTO_INCREMENT=122;

--
-- AUTO_INCREMENT for table `li_task_class_assignees`
--
ALTER TABLE `li_task_class_assignees`
  MODIFY `ta_id` int(11) NOT NULL AUTO_INCREMENT, AUTO_INCREMENT=143;

--
-- AUTO_INCREMENT for table `li_task_submissions`
--
ALTER TABLE `li_task_submissions`
  MODIFY `ts_id` int(11) NOT NULL AUTO_INCREMENT, AUTO_INCREMENT=212;

--
-- AUTO_INCREMENT for table `li_task_submission_ass`
--
ALTER TABLE `li_task_submission_ass`
  MODIFY `tsa_id` int(11) NOT NULL AUTO_INCREMENT, AUTO_INCREMENT=36;

--
-- AUTO_INCREMENT for table `li_task_submission_ass_remarks`
--
ALTER TABLE `li_task_submission_ass_remarks`
  MODIFY `tsar_id` int(11) NOT NULL AUTO_INCREMENT;

--
-- AUTO_INCREMENT for table `li_task_submission_quiz`
--
ALTER TABLE `li_task_submission_quiz`
  MODIFY `tsq_id` int(11) NOT NULL AUTO_INCREMENT, AUTO_INCREMENT=156;

--
-- AUTO_INCREMENT for table `li_userinfo`
--
ALTER TABLE `li_userinfo`
  MODIFY `ui_id` int(11) NOT NULL AUTO_INCREMENT, AUTO_INCREMENT=138;

--
-- AUTO_INCREMENT for table `li_users`
--
ALTER TABLE `li_users`
  MODIFY `user_id` int(11) NOT NULL AUTO_INCREMENT, AUTO_INCREMENT=178;

--
-- AUTO_INCREMENT for table `li_user_utility_notification_logs`
--
ALTER TABLE `li_user_utility_notification_logs`
  MODIFY `log_id` int(11) NOT NULL AUTO_INCREMENT, AUTO_INCREMENT=53;

--
-- Constraints for dumped tables
--

--
-- Constraints for table `li_assignments`
--
ALTER TABLE `li_assignments`
  ADD CONSTRAINT `li_assignment_fk_task_id` FOREIGN KEY (`task_id`) REFERENCES `li_tasks` (`tsk_id`) ON DELETE CASCADE ON UPDATE NO ACTION;

--
-- Constraints for table `li_chat_messages`
--
ALTER TABLE `li_chat_messages`
  ADD CONSTRAINT `li_chat_messages_ibfk_1` FOREIGN KEY (`cg_id`) REFERENCES `li_chat_group` (`cg_id`) ON DELETE CASCADE ON UPDATE NO ACTION,
  ADD CONSTRAINT `li_chat_messages_ibfk_2` FOREIGN KEY (`user_id`) REFERENCES `li_users` (`user_id`) ON DELETE CASCADE ON UPDATE NO ACTION;

--
-- Constraints for table `li_classes`
--
ALTER TABLE `li_classes`
  ADD CONSTRAINT `li_classes_ibfk_1` FOREIGN KEY (`teacher_id`) REFERENCES `li_users` (`user_id`) ON DELETE CASCADE ON UPDATE NO ACTION,
  ADD CONSTRAINT `li_classes_ibfk_2` FOREIGN KEY (`grade_id`) REFERENCES `li_settings_yr_lvl` (`g_id`) ON DELETE CASCADE ON UPDATE NO ACTION,
  ADD CONSTRAINT `li_classes_ibfk_3` FOREIGN KEY (`subject_id`) REFERENCES `li_settings_subjects` (`s_id`) ON DELETE CASCADE ON UPDATE NO ACTION,
  ADD CONSTRAINT `li_classes_ibfk_4` FOREIGN KEY (`color_id`) REFERENCES `li_settings_colors` (`sc_id`) ON DELETE CASCADE ON UPDATE NO ACTION;

--
-- Constraints for table `li_class_grading_periods`
--
ALTER TABLE `li_class_grading_periods`
  ADD CONSTRAINT `li_class_grading_periods_ibfk_1` FOREIGN KEY (`class_id`) REFERENCES `li_classes` (`class_id`) ON DELETE CASCADE ON UPDATE NO ACTION;

--
-- Constraints for table `li_class_grading_period_columns`
--
ALTER TABLE `li_class_grading_period_columns`
  ADD CONSTRAINT `li_class_grading_period_columns_ibfk_1` FOREIGN KEY (`cgp_id`) REFERENCES `li_class_grading_periods` (`cgp_id`) ON DELETE CASCADE ON UPDATE NO ACTION;

--
-- Constraints for table `li_class_grading_period_tasks`
--
ALTER TABLE `li_class_grading_period_tasks`
  ADD CONSTRAINT `li_class_grading_period_tasks_ibfk_1` FOREIGN KEY (`cgp_id`) REFERENCES `li_class_grading_periods` (`cgp_id`) ON DELETE CASCADE ON UPDATE NO ACTION,
  ADD CONSTRAINT `li_class_grading_period_tasks_ibfk_2` FOREIGN KEY (`task_id`) REFERENCES `li_tasks` (`tsk_id`) ON DELETE CASCADE ON UPDATE NO ACTION;

--
-- Constraints for table `li_class_grading_student_grades`
--
ALTER TABLE `li_class_grading_student_grades`
  ADD CONSTRAINT `li_class_grading_student_grades_ibfk_1` FOREIGN KEY (`cgpc_id`) REFERENCES `li_class_grading_period_columns` (`cgpc_id`) ON DELETE CASCADE ON UPDATE NO ACTION;

--
-- Constraints for table `li_class_students`
--
ALTER TABLE `li_class_students`
  ADD CONSTRAINT `li_class_students_ibfk_1` FOREIGN KEY (`student_id`) REFERENCES `li_users` (`user_id`) ON DELETE CASCADE ON UPDATE NO ACTION,
  ADD CONSTRAINT `li_class_students_ibfk_2` FOREIGN KEY (`class_id`) REFERENCES `li_classes` (`class_id`) ON DELETE CASCADE ON UPDATE NO ACTION;

--
-- Constraints for table `li_posts`
--
ALTER TABLE `li_posts`
  ADD CONSTRAINT `li_posts_ibfk_1` FOREIGN KEY (`user_id`) REFERENCES `li_users` (`user_id`) ON DELETE CASCADE ON UPDATE NO ACTION;

--
-- Constraints for table `li_post_comments`
--
ALTER TABLE `li_post_comments`
  ADD CONSTRAINT `li_post_comments_ibfk_1` FOREIGN KEY (`p_id`) REFERENCES `li_posts` (`p_id`) ON DELETE CASCADE ON UPDATE NO ACTION;

--
-- Constraints for table `li_post_likes`
--
ALTER TABLE `li_post_likes`
  ADD CONSTRAINT `li_post_likes_ibfk_1` FOREIGN KEY (`post_id`) REFERENCES `li_posts` (`p_id`) ON DELETE CASCADE ON UPDATE NO ACTION,
  ADD CONSTRAINT `li_post_likes_ibfk_3` FOREIGN KEY (`user_id`) REFERENCES `li_users` (`user_id`) ON DELETE CASCADE ON UPDATE NO ACTION;

--
-- Constraints for table `li_quizzes`
--
ALTER TABLE `li_quizzes`
  ADD CONSTRAINT `li_quizzes_ibfk_1` FOREIGN KEY (`task_id`) REFERENCES `li_tasks` (`tsk_id`) ON DELETE CASCADE ON UPDATE NO ACTION;

--
-- Constraints for table `li_task_attachments`
--
ALTER TABLE `li_task_attachments`
  ADD CONSTRAINT `li_task_attachments_ibfk_1` FOREIGN KEY (`task_id`) REFERENCES `li_tasks` (`tsk_id`) ON DELETE CASCADE ON UPDATE NO ACTION;

--
-- Constraints for table `li_task_class_assignees`
--
ALTER TABLE `li_task_class_assignees`
  ADD CONSTRAINT `li_task_class_assignees_ibfk_1` FOREIGN KEY (`task_id`) REFERENCES `li_tasks` (`tsk_id`) ON DELETE CASCADE ON UPDATE NO ACTION,
  ADD CONSTRAINT `li_task_class_assignees_ibfk_2` FOREIGN KEY (`class_id`) REFERENCES `li_classes` (`class_id`) ON DELETE CASCADE ON UPDATE NO ACTION;

--
-- Constraints for table `li_task_submissions`
--
ALTER TABLE `li_task_submissions`
  ADD CONSTRAINT `li_task_submissions_ibfk_1` FOREIGN KEY (`task_id`) REFERENCES `li_tasks` (`tsk_id`) ON DELETE CASCADE ON UPDATE NO ACTION,
  ADD CONSTRAINT `li_task_submissions_ibfk_2` FOREIGN KEY (`student_id`) REFERENCES `li_users` (`user_id`) ON DELETE CASCADE ON UPDATE NO ACTION;

--
-- Constraints for table `li_task_submission_ass`
--
ALTER TABLE `li_task_submission_ass`
  ADD CONSTRAINT `li_task_submission_ass_ibfk_1` FOREIGN KEY (`ts_id`) REFERENCES `li_task_submissions` (`ts_id`) ON DELETE CASCADE ON UPDATE NO ACTION;

--
-- Constraints for table `li_task_submission_quiz`
--
ALTER TABLE `li_task_submission_quiz`
  ADD CONSTRAINT `li_task_submission_quiz_ibfk_1` FOREIGN KEY (`ts_id`) REFERENCES `li_task_submissions` (`ts_id`) ON DELETE CASCADE ON UPDATE NO ACTION;

--
-- Constraints for table `li_userinfo`
--
ALTER TABLE `li_userinfo`
  ADD CONSTRAINT `li_userinfo_ibfk_1` FOREIGN KEY (`cred_id`) REFERENCES `li_users` (`user_id`) ON DELETE CASCADE ON UPDATE NO ACTION;

--
-- Constraints for table `li_user_utility_hidden_posts_log`
--
ALTER TABLE `li_user_utility_hidden_posts_log`
  ADD CONSTRAINT `li_user_utility_hidden_posts_log_ibfk_1` FOREIGN KEY (`post_id`) REFERENCES `li_posts` (`p_id`) ON DELETE CASCADE ON UPDATE NO ACTION,
  ADD CONSTRAINT `li_user_utility_hidden_posts_log_ibfk_2` FOREIGN KEY (`user_id`) REFERENCES `li_userinfo` (`cred_id`) ON DELETE CASCADE ON UPDATE NO ACTION;

--
-- Constraints for table `li_user_utility_post_notification`
--
ALTER TABLE `li_user_utility_post_notification`
  ADD CONSTRAINT `li_user_utility_post_notification_ibfk_1` FOREIGN KEY (`userid`) REFERENCES `li_userinfo` (`cred_id`) ON DELETE CASCADE ON UPDATE NO ACTION,
  ADD CONSTRAINT `li_user_utility_post_notification_ibfk_2` FOREIGN KEY (`postid`) REFERENCES `li_posts` (`p_id`) ON DELETE CASCADE ON UPDATE NO ACTION;

--
-- Constraints for table `li_verification_codes`
--
ALTER TABLE `li_verification_codes`
  ADD CONSTRAINT `li_verification_codes_ibfk_1` FOREIGN KEY (`user_id`) REFERENCES `li_users` (`user_id`) ON DELETE CASCADE ON UPDATE NO ACTION;

DELIMITER $$
--
-- Events
--
CREATE DEFINER=`root`@`localhost` EVENT `delete_user_pending_daily` ON SCHEDULE EVERY 1 DAY STARTS '2020-06-08 01:00:00' ON COMPLETION NOT PRESERVE ENABLE COMMENT 'delete user registration if still pending after 1 day.' DO delete from li_users where application_status = 1 and datediff(now(), timestamp_created) >= 1$$

CREATE DEFINER=`root`@`localhost` EVENT `Auto close tasks on due date` ON SCHEDULE EVERY 1 MINUTE STARTS '2021-01-24 20:46:26' ON COMPLETION NOT PRESERVE ENABLE DO UPDATE li_tasks as t SET tsk_status = 0 where tsk_lock_on_due = 1 and now() > `tsk_duedate`$$

DELIMITER ;
COMMIT;

/*!40101 SET CHARACTER_SET_CLIENT=@OLD_CHARACTER_SET_CLIENT */;
/*!40101 SET CHARACTER_SET_RESULTS=@OLD_CHARACTER_SET_RESULTS */;
/*!40101 SET COLLATION_CONNECTION=@OLD_COLLATION_CONNECTION */;
